Order ID,Order Date,Customer ID,Customer Name,Segment,Product category,Product Name,Quantity,Unit Price,Sales,Order Count per Customer
ORD001,01-01-2024,CUST001,Aaban,Consumer,Electronics,Smartphone,2,318,636,3
ORD002,02-01-2024,CUST002,Aabharan,Corporate,Electronics,Smartphone,2,268,536,2
ORD003,03-01-2024,CUST003,Aabhas,Corporate,Electronics,Headphones,1,396,396,2
ORD004,04-01-2024,CUST004,Aabhat,Corporate,Electronics,Headphones,1,302,302,3
ORD005,05-01-2024,CUST005,Aabheer,Consumer,Home,Lamp,1,148,148,2
ORD006,06-01-2024,CUST006,Aabheer,Corporate,Electronics,Laptop,1,408,408,3
ORD007,07-01-2024,CUST007,Abheer,Consumer,Clothing,Jeans,2,13,26,2
ORD008,08-01-2024,CUST008,Aabher,Consumer,Home,Table,5,166,830,3
ORD009,09-01-2024,CUST009,Aabi,Corporate,Electronics,Headphones,1,299,299,4
ORD010,10-01-2024,CUST010,Aabilesh,Consumer,Electronics,Laptop,1,468,468,1
ORD011,11-01-2024,CUST011,Aabir,Corporate,Electronics,Headphones,4,325,1300,2
ORD012,12-01-2024,CUST012,Aabishan,Corporate,Clothing,Jeans,3,24,72,2
ORD013,13-01-2024,CUST013,Aabishayan,Corporate,Clothing,Jeans,3,11,33,1
ORD014,14-01-2024,CUST014,Aacharya,Corporate,Clothing,T-Shirt,1,36,36,1
ORD015,15-01-2024,CUST015,Aachman,Corporate,Home,Lamp,5,138,690,1
ORD016,16-01-2024,CUST016,Aachuthan,Consumer,Electronics,Laptop,4,342,1368,3
ORD017,17-01-2024,CUST017,Aadalalagan,Corporate,Electronics,Headphones,5,384,1920,1
ORD018,18-01-2024,CUST018,Aadalarasan,Corporate,Home,Table,1,298,298,1
ORD019,19-01-2024,CUST019,Aadalazhagan,Corporate,Clothing,T-Shirt,4,48,192,1
ORD020,20-01-2024,CUST020,Aadamya,Corporate,Electronics,Headphones,5,481,2405,2
ORD021,21-01-2024,CUST021,Aadanyan,Consumer,Electronics,Smartphone,3,434,1302,3
ORD022,22-01-2024,CUST022,Aadarko,Corporate,Clothing,T-Shirt,4,49,196,1
ORD023,23-01-2024,CUST023,Aadarsh,Consumer,Electronics,Laptop,4,404,1616,1
ORD024,24-01-2024,CUST024,Aadarshan,Consumer,Clothing,Jacket,1,18,18,2
ORD025,25-01-2024,CUST025,Aadarshanan,Corporate,Clothing,Jeans,3,10,30,2
ORD026,26-01-2024,CUST026,Aadav,Corporate,Electronics,Laptop,4,319,1276,2
ORD027,27-01-2024,CUST027,Aadavan,Consumer,Clothing,Jeans,5,45,225,1
ORD028,28-01-2024,CUST028,Aadesh,Consumer,Electronics,Headphones,1,247,247,4
ORD029,29-01-2024,CUST029,Aadesh,Corporate,Electronics,Headphones,4,316,1264,1
ORD030,30-01-2024,CUST030,Adesh,Corporate,Home,Table,3,156,468,1
ORD031,31-01-2024,CUST031,Aadhan,Consumer,Electronics,Laptop,2,475,950,1
ORD032,01-02-2024,CUST032,Aadhar,Corporate,Home,Sofa,3,143,429,2
ORD033,02-02-2024,CUST033,Aadhav,Corporate,Home,Table,3,230,690,2
ORD034,03-02-2024,CUST034,Aadhavan,Consumer,Clothing,Jeans,3,23,69,3
ORD035,04-02-2024,CUST035,Aadhi,Consumer,Electronics,Smartphone,1,259,259,2
ORD036,05-02-2024,CUST036,Aadhiban,Corporate,Electronics,Headphones,4,493,1972,2
ORD037,06-02-2024,CUST037,Aadhidev,Consumer,Clothing,T-Shirt,4,24,96,1
ORD038,07-02-2024,CUST038,Aadhikeshavan,Consumer,Clothing,Jeans,5,38,190,3
ORD039,08-02-2024,CUST039,Aadhil,Corporate,Electronics,Laptop,5,431,2155,3
ORD040,09-02-2024,CUST040,Aadhinath,Consumer,Electronics,Headphones,3,290,870,2
ORD041,10-02-2024,CUST041,Aadhiraiyan,Consumer,Electronics,Smartphone,3,338,1014,1
ORD042,11-02-2024,CUST042,Aadhiraj,Corporate,Electronics,Headphones,5,220,1100,2
ORD043,12-02-2024,CUST043,Aadhiran,Corporate,Electronics,Headphones,1,380,380,2
ORD044,13-02-2024,CUST044,Aadhirayan,Consumer,Clothing,T-Shirt,4,44,176,2
ORD045,14-02-2024,CUST045,Aadhiren,Corporate,Electronics,Laptop,3,499,1497,2
ORD046,15-02-2024,CUST046,Aadhisan,Consumer,Electronics,Headphones,3,316,948,2
ORD047,16-02-2024,CUST047,Aadhiseshwar,Corporate,Electronics,Headphones,4,306,1224,4
ORD048,17-02-2024,CUST048,Aadhish,Consumer,Clothing,T-Shirt,5,23,115,2
ORD049,18-02-2024,CUST049,Aadhishankar,Corporate,Electronics,Laptop,4,464,1856,2
ORD050,19-02-2024,CUST050,Aadhishwaran,Consumer,Clothing,Jeans,5,23,115,3
ORD051,20-02-2024,CUST051,Aadhithan,Corporate,Clothing,Jacket,5,14,70,2
ORD052,21-02-2024,CUST052,Aadhithiya,Consumer,Electronics,Laptop,4,474,1896,1
ORD053,22-02-2024,CUST053,Aadhithya,Corporate,Home,Table,3,252,756,1
ORD054,23-02-2024,CUST054,Aadhithya varman,Corporate,Electronics,Headphones,1,361,361,1
ORD055,24-02-2024,CUST055,Aadhithyaa,Corporate,Clothing,Jeans,2,31,62,1
ORD056,25-02-2024,CUST056,Aadhityan,Consumer,Clothing,Jeans,3,46,138,2
ORD057,26-02-2024,CUST057,Aadhiyannal,Consumer,Home,Table,5,183,915,2
ORD058,27-02-2024,CUST058,Aadhunik,Corporate,Electronics,Smartphone,3,398,1194,2
ORD059,28-02-2024,CUST059,Aadhyatm,Consumer,Electronics,Headphones,2,490,980,1
ORD060,29-02-2024,CUST060,Aadi,Consumer,Clothing,Jeans,3,32,96,3
ORD061,01-03-2024,CUST061,Aadidev,Consumer,Electronics,Smartphone,3,486,1458,3
ORD062,02-03-2024,CUST062,Aadijay,Corporate,Electronics,Smartphone,5,453,2265,1
ORD063,03-03-2024,CUST063,Aadil,Consumer,Clothing,T-Shirt,2,46,92,1
ORD064,04-03-2024,CUST064,Adil,Corporate,Clothing,Jeans,3,47,141,2
ORD065,05-03-2024,CUST065,Aadim,Corporate,Electronics,Smartphone,5,427,2135,4
ORD066,06-03-2024,CUST066,Aadimoolan,Consumer,Home,Sofa,1,105,105,3
ORD067,07-03-2024,CUST067,Aadinath,Corporate,Electronics,Headphones,2,245,490,4
ORD068,08-03-2024,CUST068,Aadipta,Corporate,Clothing,Jacket,3,21,63,6
ORD069,09-03-2024,CUST069,Aadish,Consumer,Home,Sofa,3,190,570,1
ORD070,10-03-2024,CUST070,Aadishankar,Corporate,Electronics,Headphones,5,416,2080,1
ORD071,11-03-2024,CUST071,Aadit,Consumer,Home,Table,3,204,612,1
ORD072,12-03-2024,CUST072,Aaditey,Corporate,Clothing,Jacket,5,33,165,1
ORD073,13-03-2024,CUST073,Aaditeya,Corporate,Clothing,Jacket,1,16,16,3
ORD074,14-03-2024,CUST074,Aadith,Consumer,Clothing,Jeans,4,26,104,2
ORD075,15-03-2024,CUST075,Aadithya,Corporate,Electronics,Headphones,2,386,772,1
ORD076,16-03-2024,CUST076,Aadithyakethu,Corporate,Clothing,T-Shirt,2,37,74,1
ORD077,17-03-2024,CUST077,Aaditva,Consumer,Home,Sofa,3,212,636,3
ORD078,18-03-2024,CUST078,Aaditya,Corporate,Electronics,Headphones,1,366,366,1
ORD079,19-03-2024,CUST079,Aadiv,Consumer,Home,Table,4,245,980,1
ORD080,20-03-2024,CUST080,Aadvay,Corporate,Clothing,Jeans,5,26,130,3
ORD081,21-03-2024,CUST081,Aadvik,Consumer,Clothing,Jacket,5,48,240,2
ORD082,22-03-2024,CUST082,Aadyant,Consumer,Electronics,Headphones,1,364,364,4
ORD083,23-03-2024,CUST083,Aadyot,Consumer,Electronics,Smartphone,2,297,594,2
ORD084,24-03-2024,CUST084,Aafiya,Consumer,Home,Table,4,212,848,1
ORD085,25-03-2024,CUST085,Aafreen,Consumer,Clothing,T-Shirt,2,10,20,5
ORD086,26-03-2024,CUST086,Aaftab,Consumer,Clothing,Jacket,2,30,60,1
ORD087,27-03-2024,CUST087,Aftab,Corporate,Electronics,Laptop,2,488,976,3
ORD088,28-03-2024,CUST088,Aagash,Corporate,Electronics,Headphones,3,248,744,4
ORD089,29-03-2024,CUST089,Aageethan,Corporate,Clothing,Jacket,1,10,10,2
ORD090,30-03-2024,CUST090,Aaghosh,Consumer,Clothing,T-Shirt,2,22,44,1
ORD091,31-03-2024,CUST091,Aagney,Corporate,Home,Sofa,2,151,302,1
ORD092,01-04-2024,CUST092,Aagneya,Consumer,Clothing,Jeans,1,24,24,1
ORD093,02-04-2024,CUST093,Aahaan,Consumer,Home,Lamp,5,212,1060,2
ORD094,03-04-2024,CUST094,Aahan,Corporate,Clothing,T-Shirt,3,12,36,2
ORD095,04-04-2024,CUST095,Aahan,Corporate,Home,Lamp,4,250,1000,2
ORD096,05-04-2024,CUST096,Ahan,Consumer,Electronics,Smartphone,5,419,2095,3
ORD097,06-04-2024,CUST097,Aahanyan,Consumer,Clothing,T-Shirt,3,48,144,1
ORD098,07-04-2024,CUST098,Aaharan,Corporate,Electronics,Smartphone,2,482,964,1
ORD099,08-04-2024,CUST099,Aaharen,Corporate,Electronics,Headphones,4,282,1128,2
ORD100,09-04-2024,CUST100,Aahil,Corporate,Electronics,Headphones,1,435,435,3
ORD101,10-04-2024,CUST101,Aahlaad,Corporate,Home,Lamp,1,143,143,2
ORD102,11-04-2024,CUST102,Aahlaadith,Consumer,Electronics,Laptop,2,225,450,2
ORD103,12-04-2024,CUST103,Aahlad,Consumer,Home,Lamp,3,132,396,1
ORD104,13-04-2024,CUST104,Aahnik,Corporate,Electronics,Smartphone,2,356,712,2
ORD105,14-04-2024,CUST105,Aahva,Consumer,Clothing,Jeans,1,16,16,2
ORD106,15-04-2024,CUST106,Aahvan,Corporate,Electronics,Smartphone,4,317,1268,2
ORD107,16-04-2024,CUST107,Aahwaanith,Consumer,Clothing,T-Shirt,3,36,108,2
ORD108,17-04-2024,CUST108,Aairathan,Corporate,Clothing,Jacket,3,28,84,1
ORD109,18-04-2024,CUST109,Aaish,Corporate,Clothing,Jeans,5,38,190,4
ORD110,19-04-2024,CUST110,Aajeevan,Corporate,Home,Lamp,3,130,390,3
ORD111,20-04-2024,CUST111,Aakaar,Consumer,Electronics,Smartphone,4,488,1952,3
ORD112,21-04-2024,CUST112,Aakaash,Corporate,Electronics,Smartphone,3,297,891,1
ORD113,22-04-2024,CUST113,Aakampan,Corporate,Electronics,Smartphone,3,211,633,1
ORD114,23-04-2024,CUST114,Aakanksh,Corporate,Electronics,Laptop,1,392,392,2
ORD115,24-04-2024,CUST115,Aakar,Consumer,Home,Table,2,236,472,3
ORD116,25-04-2024,CUST116,Aakarsh,Consumer,Clothing,Jacket,4,32,128,2
ORD117,26-04-2024,CUST117,Aakarshak,Consumer,Home,Sofa,5,219,1095,1
ORD118,27-04-2024,CUST118,Aakarshan,Corporate,Home,Sofa,4,234,936,3
ORD119,28-04-2024,CUST119,Aakash,Corporate,Electronics,Headphones,4,409,1636,2
ORD120,29-04-2024,CUST120,Aakashi,Corporate,Clothing,Jacket,1,20,20,2
ORD121,30-04-2024,CUST121,Aakesh,Consumer,Electronics,Laptop,2,498,996,2
ORD122,01-05-2024,CUST122,Aakhyaan,Consumer,Home,Table,5,224,1120,2
ORD123,02-05-2024,CUST123,Aakshat,Consumer,Electronics,Headphones,4,225,900,3
ORD124,03-05-2024,CUST124,Aalakshya,Corporate,Home,Lamp,1,190,190,1
ORD125,04-05-2024,CUST125,Aalam,Consumer,Clothing,T-Shirt,5,45,225,2
ORD126,05-05-2024,CUST126,Alam,Consumer,Home,Sofa,5,203,1015,4
ORD127,06-05-2024,CUST127,Aalamarchelvan,Consumer,Clothing,Jeans,2,32,64,2
ORD128,07-05-2024,CUST128,Aalamb,Consumer,Clothing,T-Shirt,1,17,17,5
ORD129,08-05-2024,CUST129,Aalan,Consumer,Electronics,Headphones,5,375,1875,1
ORD130,09-05-2024,CUST130,Aalap,Consumer,Electronics,Headphones,1,484,484,1
ORD131,10-05-2024,CUST131,Aalay,Consumer,Electronics,Laptop,3,204,612,2
ORD132,11-05-2024,CUST132,Aalee,Consumer,Clothing,T-Shirt,1,13,13,1
ORD133,12-05-2024,CUST133,Aalekh,Consumer,Home,Lamp,3,212,636,1
ORD134,13-05-2024,CUST134,Aalhad,Consumer,Clothing,Jacket,2,27,54,1
ORD135,14-05-2024,CUST135,Aalim,Consumer,Clothing,Jeans,5,35,175,1
ORD136,15-05-2024,CUST136,Aaliyan,Corporate,Clothing,T-Shirt,4,19,76,1
ORD137,16-05-2024,CUST137,Aalliyan,Corporate,Clothing,Jacket,1,30,30,2
ORD138,17-05-2024,CUST138,Aalok,Consumer,Home,Sofa,5,219,1095,5
ORD139,18-05-2024,CUST139,Aalop,Consumer,Home,Table,1,146,146,1
ORD140,19-05-2024,CUST140,Aamil,Consumer,Home,Lamp,1,262,262,2
ORD141,20-05-2024,CUST141,Aamir,Consumer,Home,Sofa,1,121,121,3
ORD142,21-05-2024,CUST142,Aamirah,Corporate,Home,Lamp,1,129,129,4
ORD143,22-05-2024,CUST143,Aamish,Consumer,Home,Lamp,2,226,452,1
ORD144,23-05-2024,CUST144,Aamod,Consumer,Electronics,Headphones,4,329,1316,4
ORD145,24-05-2024,CUST145,Aamodh,Consumer,Electronics,Headphones,5,361,1805,2
ORD146,25-05-2024,CUST146,Aamodin,Consumer,Clothing,T-Shirt,4,44,176,1
ORD147,26-05-2024,CUST147,Aamogh,Corporate,Home,Lamp,5,105,525,2
ORD148,27-05-2024,CUST148,Aan,Consumer,Electronics,Headphones,2,202,404,1
ORD149,28-05-2024,CUST149,Aanand,Consumer,Electronics,Smartphone,5,274,1370,3
ORD150,29-05-2024,CUST150,Aanandaswarup,Consumer,Home,Lamp,3,147,441,1
ORD151,30-05-2024,CUST151,Anand Swarup,Consumer,Home,Sofa,2,105,210,2
ORD152,31-05-2024,CUST152,Aanandit,Consumer,Clothing,T-Shirt,4,16,64,2
ORD153,01-06-2024,CUST153,Aanandswarup,Consumer,Clothing,T-Shirt,5,32,160,1
ORD154,02-06-2024,CUST154,Aananth,Corporate,Clothing,T-Shirt,2,41,82,3
ORD155,03-06-2024,CUST155,Aanantya,Corporate,Home,Lamp,3,206,618,2
ORD156,04-06-2024,CUST156,Aanathan,Corporate,Electronics,Headphones,2,324,648,2
ORD157,05-06-2024,CUST157,Aanav,Corporate,Home,Lamp,4,270,1080,1
ORD158,06-06-2024,CUST158,Aanay,Consumer,Home,Sofa,3,209,627,1
ORD159,07-06-2024,CUST159,Aandaleeb,Consumer,Electronics,Smartphone,4,218,872,2
ORD160,08-06-2024,CUST160,Aandi,Corporate,Electronics,Headphones,4,236,944,1
ORD161,09-06-2024,CUST161,Aangat,Consumer,Home,Sofa,2,168,336,1
ORD162,10-06-2024,CUST162,Aanick,Corporate,Home,Sofa,5,241,1205,3
ORD163,11-06-2024,CUST163,Aanjaneya,Corporate,Electronics,Laptop,2,419,838,2
ORD164,12-06-2024,CUST164,Aanjaneya,Consumer,Clothing,Jeans,5,22,110,1
ORD165,13-06-2024,CUST165,Anjaneya,Corporate,Home,Sofa,2,121,242,1
ORD166,14-06-2024,CUST166,Aanjay,Consumer,Electronics,Smartphone,2,433,866,1
ORD167,15-06-2024,CUST167,Aansh,Consumer,Electronics,Headphones,1,248,248,1
ORD168,16-06-2024,CUST168,Aantya,Consumer,Clothing,T-Shirt,5,45,225,2
ORD169,17-06-2024,CUST169,Aanush,Consumer,Electronics,Headphones,5,470,2350,3
ORD170,18-06-2024,CUST170,Aapt,Consumer,Clothing,T-Shirt,2,44,88,3
ORD171,19-06-2024,CUST171,Aapu,Corporate,Electronics,Headphones,2,367,734,4
ORD172,20-06-2024,CUST172,Aaqib,Corporate,Clothing,Jeans,4,26,104,2
ORD173,21-06-2024,CUST173,Aaqil,Consumer,Electronics,Laptop,4,348,1392,2
ORD174,22-06-2024,CUST174,Aar,Corporate,Home,Table,4,224,896,1
ORD175,23-06-2024,CUST175,Aaraadhak,Corporate,Electronics,Laptop,1,330,330,1
ORD176,24-06-2024,CUST176,Araadhak,Corporate,Clothing,Jacket,3,49,147,3
ORD177,25-06-2024,CUST177,Aradhak,Corporate,Clothing,T-Shirt,2,24,48,4
ORD178,26-06-2024,CUST178,Aaradhak,Consumer,Electronics,Headphones,5,355,1775,2
ORD179,27-06-2024,CUST179,Aaradhy,Corporate,Electronics,Laptop,5,358,1790,2
ORD180,28-06-2024,CUST180,Aaran,Corporate,Electronics,Headphones,4,379,1516,2
ORD181,29-06-2024,CUST181,Aaranan,Consumer,Home,Lamp,3,261,783,2
ORD182,30-06-2024,CUST182,Aaranay,Consumer,Home,Sofa,2,130,260,3
ORD183,01-07-2024,CUST183,Aaranen,Corporate,Electronics,Headphones,4,282,1128,2
ORD184,02-07-2024,CUST184,Aaranyan,Corporate,Electronics,Smartphone,1,337,337,1
ORD185,03-07-2024,CUST185,Aarav,Corporate,Home,Lamp,2,176,352,1
ORD186,04-07-2024,CUST186,Aaravamuthan,Consumer,Clothing,T-Shirt,3,10,30,2
ORD187,05-07-2024,CUST187,Aarif,Corporate,Home,Table,2,216,432,4
ORD188,06-07-2024,CUST188,Aariket,Consumer,Home,Sofa,2,290,580,6
ORD189,07-07-2024,CUST189,Aariketh,Consumer,Electronics,Headphones,4,306,1224,2
ORD190,08-07-2024,CUST190,Aarish,Corporate,Electronics,Laptop,2,301,602,2
ORD191,09-07-2024,CUST191,Aarit,Consumer,Electronics,Smartphone,2,289,578,2
ORD192,10-07-2024,CUST192,Aariv,Corporate,Clothing,T-Shirt,1,21,21,1
ORD193,11-07-2024,CUST193,Aariz,Corporate,Clothing,Jeans,1,48,48,4
ORD194,12-07-2024,CUST194,Aarjav,Corporate,Home,Table,5,124,620,3
ORD195,13-07-2024,CUST195,Aarksh,Consumer,Home,Lamp,3,236,708,1
ORD196,14-07-2024,CUST196,Aarnab,Corporate,Home,Lamp,1,217,217,2
ORD197,15-07-2024,CUST197,Aarnav,Consumer,Clothing,T-Shirt,3,11,33,4
ORD198,16-07-2024,CUST198,Aarnavi,Corporate,Electronics,Laptop,4,498,1992,1
ORD199,17-07-2024,CUST199,Aarochan,Corporate,Clothing,Jacket,4,29,116,3
ORD200,18-07-2024,CUST200,Aaron,Consumer,Home,Lamp,4,265,1060,2
ORD201,19-07-2024,CUST201,Aarooran,Corporate,Electronics,Headphones,4,205,820,1
ORD202,20-07-2024,CUST202,Aaroush,Consumer,Clothing,Jacket,4,30,120,3
ORD203,21-07-2024,CUST203,Aarpit,Corporate,Electronics,Smartphone,3,223,669,1
ORD204,22-07-2024,CUST204,Aarpit,Corporate,Clothing,Jeans,3,12,36,4
ORD205,23-07-2024,CUST205,Arpit,Corporate,Electronics,Smartphone,1,404,404,1
ORD206,24-07-2024,CUST206,Aarsh,Corporate,Clothing,Jacket,3,18,54,3
ORD207,25-07-2024,CUST207,Aarshabh,Consumer,Electronics,Laptop,2,223,446,3
ORD208,26-07-2024,CUST208,Aarshin,Corporate,Home,Sofa,2,281,562,1
ORD209,27-07-2024,CUST209,Aarth,Corporate,Electronics,Smartphone,4,400,1600,2
ORD210,28-07-2024,CUST210,Aartheepan,Corporate,Clothing,T-Shirt,1,33,33,3
ORD211,29-07-2024,CUST211,Aarthikan,Consumer,Home,Table,4,250,1000,1
ORD212,30-07-2024,CUST212,Aartraloon,Corporate,Home,Sofa,4,117,468,2
ORD213,31-07-2024,CUST213,Aarujan,Consumer,Home,Sofa,1,126,126,1
ORD214,01-08-2024,CUST214,Aarul,Corporate,Home,Lamp,4,217,868,2
ORD215,02-08-2024,CUST215,Aaruran,Corporate,Home,Table,4,108,432,2
ORD216,03-08-2024,CUST216,Aarush,Consumer,Clothing,Jeans,1,44,44,5
ORD217,04-08-2024,CUST217,Aarushan,Consumer,Home,Sofa,3,112,336,1
ORD218,05-08-2024,CUST218,Aaruthan,Consumer,Home,Table,4,112,448,1
ORD219,06-08-2024,CUST219,Aaruthra,Consumer,Electronics,Smartphone,2,392,784,2
ORD220,07-08-2024,CUST220,Aaruthran,Consumer,Clothing,Jacket,5,47,235,3
ORD221,08-08-2024,CUST221,Aarvalan,Corporate,Electronics,Headphones,5,212,1060,1
ORD222,09-08-2024,CUST222,Aarya,Corporate,Clothing,T-Shirt,5,15,75,1
ORD223,10-08-2024,CUST223,Aaryaa,Corporate,Home,Sofa,1,245,245,1
ORD224,11-08-2024,CUST224,Aaryak,Consumer,Electronics,Smartphone,5,452,2260,2
ORD225,12-08-2024,CUST225,Aaryaman,Consumer,Home,Sofa,3,204,612,2
ORD226,13-08-2024,CUST226,Aaryamik,Corporate,Clothing,T-Shirt,1,17,17,1
ORD227,14-08-2024,CUST227,Aaryan,Corporate,Electronics,Headphones,2,354,708,1
ORD228,15-08-2024,CUST228,Aaryan,Corporate,Clothing,T-Shirt,2,48,96,3
ORD229,16-08-2024,CUST229,Aryan,Consumer,Home,Sofa,1,146,146,2
ORD230,17-08-2024,CUST230,Aaryav,Consumer,Home,Lamp,2,241,482,1
ORD231,18-08-2024,CUST231,Aaryaveer,Corporate,Clothing,T-Shirt,5,35,175,3
ORD232,19-08-2024,CUST232,Aaryavir,Consumer,Electronics,Smartphone,4,289,1156,2
ORD233,20-08-2024,CUST233,Aaryesh,Corporate,Home,Table,1,270,270,1
ORD234,21-08-2024,CUST234,Aaryik,Corporate,Home,Table,1,235,235,4
ORD235,22-08-2024,CUST235,Aasav,Corporate,Home,Table,1,245,245,3
ORD236,23-08-2024,CUST236,Aashang,Consumer,Home,Table,1,270,270,2
ORD237,24-08-2024,CUST237,Aashank,Consumer,Electronics,Headphones,3,216,648,1
ORD238,25-08-2024,CUST238,Aashay,Corporate,Clothing,T-Shirt,1,27,27,1
ORD239,26-08-2024,CUST239,Aashif,Consumer,Clothing,T-Shirt,3,14,42,1
ORD240,27-08-2024,CUST240,Aashir,Consumer,Clothing,Jacket,5,28,140,2
ORD241,28-08-2024,CUST241,Aashirvad,Consumer,Home,Table,4,222,888,4
ORD242,29-08-2024,CUST242,Aashish,Consumer,Clothing,T-Shirt,3,17,51,4
ORD243,30-08-2024,CUST243,Aashish,Corporate,Home,Sofa,4,182,728,1
ORD244,31-08-2024,CUST244,Ashish,Consumer,Clothing,Jeans,5,48,240,2
ORD245,01-09-2024,CUST245,Asheesh,Corporate,Home,Table,1,212,212,3
ORD246,02-09-2024,CUST246,Aashlesh,Consumer,Home,Table,2,180,360,1
ORD247,03-09-2024,CUST247,Aashman,Corporate,Home,Lamp,2,292,584,3
ORD248,04-09-2024,CUST248,Aashray,Consumer,Home,Table,4,161,644,1
ORD249,05-09-2024,CUST249,Aashresh,Corporate,Electronics,Smartphone,2,267,534,1
ORD250,06-09-2024,CUST250,Aashrith,Consumer,Electronics,Laptop,3,399,1197,2
ORD251,07-09-2024,CUST251,Aashrut,Consumer,Clothing,Jeans,2,12,24,2
ORD252,08-09-2024,CUST252,Aashu,Corporate,Home,Table,4,190,760,3
ORD253,09-09-2024,CUST253,Aashuinat,Consumer,Clothing,Jeans,5,31,155,4
ORD254,10-09-2024,CUST254,Aashutosh,Corporate,Clothing,Jeans,2,40,80,2
ORD255,11-09-2024,CUST255,Aasif,Consumer,Electronics,Smartphone,1,383,383,1
ORD256,12-09-2024,CUST256,Aasim,Corporate,Home,Lamp,3,122,366,3
ORD257,13-09-2024,CUST257,Aasit,Corporate,Clothing,Jeans,2,48,96,4
ORD258,14-09-2024,CUST258,Aaslunan,Corporate,Clothing,T-Shirt,4,44,176,2
ORD259,15-09-2024,CUST259,Aastha,Consumer,Clothing,T-Shirt,1,42,42,2
ORD260,16-09-2024,CUST260,Aastik,Corporate,Home,Table,1,217,217,1
ORD261,17-09-2024,CUST261,Aasvi,Corporate,Clothing,T-Shirt,3,38,114,3
ORD262,18-09-2024,CUST262,Aatallan,Consumer,Electronics,Laptop,3,271,813,1
ORD263,19-09-2024,CUST263,Aathan,Consumer,Home,Sofa,1,271,271,1
ORD264,20-09-2024,CUST264,Aathangan,Corporate,Home,Table,1,258,258,2
ORD265,21-09-2024,CUST265,Aatharan,Corporate,Electronics,Headphones,5,486,2430,3
ORD266,22-09-2024,CUST266,Aatharshan,Consumer,Clothing,T-Shirt,3,13,39,2
ORD267,23-09-2024,CUST267,Aathavan,Corporate,Clothing,Jeans,5,38,190,1
ORD268,24-09-2024,CUST268,Aathees,Corporate,Electronics,Laptop,1,266,266,1
ORD269,25-09-2024,CUST269,Aatheesan,Corporate,Clothing,Jacket,3,15,45,2
ORD270,26-09-2024,CUST270,Aatheesh,Corporate,Home,Sofa,2,131,262,2
ORD271,27-09-2024,CUST271,Aathesh,Consumer,Clothing,T-Shirt,2,37,74,3
ORD272,28-09-2024,CUST272,Aatheshan,Consumer,Clothing,Jeans,4,40,160,3
ORD273,01-09-2024,CUST273,Aathijeyan,Consumer,Home,Sofa,5,205,1025,3
ORD274,12-09-2024,CUST274,Aathikan,Corporate,Clothing,T-Shirt,5,12,60,2
ORD275,01-04-2024,CUST275,Aathikesan,Consumer,Clothing,Jacket,5,42,210,1
ORD276,23-08-2024,CUST276,Aathikeyan,Consumer,Clothing,Jeans,5,18,90,2
ORD277,21-05-2024,CUST277,Aathipan,Consumer,Clothing,Jeans,2,25,50,2
ORD278,01-06-2024,CUST278,Aathiraiyan,Corporate,Clothing,Jacket,3,25,75,1
ORD279,29-07-2024,CUST279,Aathiran,Corporate,Electronics,Laptop,3,420,1260,1
ORD280,15-01-2024,CUST280,Aathirayan,Corporate,Home,Lamp,2,297,594,2
ORD281,10-06-2024,CUST281,Aathiruban,Consumer,Clothing,Jeans,4,40,160,1
ORD282,04-01-2024,CUST282,Aathisekan,Corporate,Home,Table,1,177,177,2
ORD283,31-07-2024,CUST283,Aathishaeshan,Corporate,Electronics,Laptop,5,458,2290,2
ORD284,03-04-2024,CUST284,Aathishankar,Consumer,Home,Lamp,1,124,124,2
ORD285,27-08-2024,CUST285,Aathisyan,Corporate,Clothing,Jacket,2,35,70,4
ORD286,22-04-2024,CUST286,Aathith,Corporate,Electronics,Headphones,5,499,2495,1
ORD287,21-03-2024,CUST287,Aathithan,Corporate,Clothing,Jeans,5,24,120,2
ORD288,03-03-2024,CUST288,Aathiththyan,Corporate,Home,Sofa,5,248,1240,1
ORD289,13-02-2024,CUST289,Aathithyan,Corporate,Electronics,Headphones,1,353,353,4
ORD290,13-06-2024,CUST290,Aathithyen,Corporate,Electronics,Laptop,2,206,412,2
ORD291,25-05-2024,CUST291,Aathiyannal,Consumer,Home,Lamp,3,172,516,1
ORD292,14-05-2024,CUST292,Aathrav,Consumer,Electronics,Smartphone,1,478,478,2
ORD293,14-04-2024,CUST293,Aatif,Consumer,Clothing,T-Shirt,4,31,124,2
ORD294,20-02-2024,CUST294,Aatish,Corporate,Clothing,Jacket,2,17,34,2
ORD295,27-06-2024,CUST295,Aatma,Corporate,Clothing,Jacket,2,23,46,2
ORD296,22-07-2024,CUST296,Atma,Consumer,Home,Lamp,5,242,1210,1
ORD297,13-08-2024,CUST297,Aatma,Consumer,Clothing,Jeans,2,28,56,4
ORD298,27-05-2024,CUST298,Atmaram,Consumer,Clothing,Jeans,4,48,192,3
ORD299,26-02-2024,CUST299,Aatmaj,Corporate,Home,Table,4,145,580,2
ORD300,17-09-2024,CUST300,Aatman,Corporate,Clothing,Jacket,3,28,84,2
ORD301,12-06-2024,CUST301,Aatmanand,Consumer,Home,Lamp,5,239,1195,1
ORD302,02-04-2024,CUST302,Aatmaram,Corporate,Clothing,Jeans,1,48,48,1
ORD303,06-02-2024,CUST303,Aatmay,Consumer,Clothing,T-Shirt,1,14,14,3
ORD304,05-02-2024,CUST304,Aatmik,Corporate,Electronics,Laptop,1,380,380,1
ORD305,30-06-2024,CUST305,Aatrey,Corporate,Electronics,Headphones,5,384,1920,1
ORD306,22-06-2024,CUST306,Aatreya,Consumer,Electronics,Laptop,2,276,552,1
ORD307,13-07-2024,CUST307,Aavansh,Corporate,Home,Sofa,5,246,1230,1
ORD308,07-09-2024,CUST308,Aavanyan,Corporate,Electronics,Headphones,5,374,1870,3
ORD309,10-02-2024,CUST309,Aavarthan,Consumer,Home,Lamp,3,250,750,1
ORD310,15-09-2024,CUST310,Aaveg,Corporate,Clothing,Jeans,1,34,34,2
ORD311,04-07-2024,CUST311,Aavesh,Corporate,Home,Table,2,283,566,1
ORD312,05-09-2024,CUST312,Aavi,Corporate,Electronics,Laptop,4,407,1628,2
ORD313,09-07-2024,CUST313,Aavish,Consumer,Home,Table,4,283,1132,4
ORD314,20-02-2024,CUST314,Aayam,Corporate,Clothing,Jacket,5,42,210,2
ORD315,07-02-2024,CUST315,Aayan,Consumer,Home,Sofa,5,179,895,3
ORD316,24-05-2024,CUST316,Aayansh,Corporate,Electronics,Smartphone,1,465,465,1
ORD317,03-03-2024,CUST317,Aayod,Consumer,Electronics,Headphones,2,390,780,2
ORD318,01-05-2024,CUST318,Aayu,Corporate,Electronics,Smartphone,5,413,2065,2
ORD319,09-03-2024,CUST319,Aayu,Consumer,Clothing,T-Shirt,1,13,13,1
ORD320,25-07-2024,CUST320,Aayush,Consumer,Home,Table,2,231,462,4
ORD321,02-04-2024,CUST321,Aayudh,Consumer,Home,Sofa,1,186,186,1
ORD322,04-04-2024,CUST322,Aayus,Corporate,Home,Lamp,3,152,456,2
ORD323,03-05-2024,CUST323,Aayush,Consumer,Clothing,Jeans,3,22,66,1
ORD324,14-04-2024,CUST324,Aayushmaan,Corporate,Home,Sofa,1,245,245,1
ORD325,16-09-2024,CUST325,Aayushmaan,Corporate,Clothing,Jeans,5,47,235,2
ORD326,31-03-2024,CUST326,Aayushman,Consumer,Clothing,Jeans,2,20,40,2
ORD327,04-03-2024,CUST327,Aayushman,Corporate,Clothing,T-Shirt,3,45,135,1
ORD328,02-09-2024,CUST328,Aazim,Corporate,Home,Table,3,174,522,1
ORD329,24-04-2024,CUST329,Abaan,Consumer,Electronics,Smartphone,2,200,400,1
ORD330,10-09-2024,CUST330,Abadhya,Consumer,Home,Lamp,2,176,352,1
ORD331,03-04-2024,CUST331,Abay,Corporate,Electronics,Smartphone,4,259,1036,2
ORD332,14-03-2024,CUST332,Abayan,Consumer,Electronics,Smartphone,1,354,354,3
ORD333,14-01-2024,CUST333,Abbas,Corporate,Home,Table,1,244,244,1
ORD334,11-04-2024,CUST334,Abbhinav,Consumer,Home,Table,4,274,1096,1
ORD335,06-07-2024,CUST335,Abbir,Consumer,Electronics,Laptop,1,255,255,1
ORD336,10-02-2024,CUST336,Abbott,Consumer,Electronics,Smartphone,3,480,1440,4
ORD337,21-03-2024,CUST337,Abbud,Corporate,Clothing,T-Shirt,1,26,26,1
ORD338,02-05-2024,CUST338,Abbudin,Corporate,Clothing,T-Shirt,5,36,180,4
ORD339,13-02-2024,CUST339,Abdul,Corporate,Home,Table,4,101,404,3
ORD340,30-03-2024,CUST340,Abdul Ali,Corporate,Home,Table,2,183,366,2
ORD341,07-06-2024,CUST341,Ali Mohammed,Consumer,Electronics,Laptop,4,411,1644,1
ORD342,23-09-2024,CUST342,Abdul Aziz,Consumer,Home,Lamp,3,274,822,2
ORD343,25-08-2024,CUST343,Abdul Gani,Consumer,Home,Lamp,2,214,428,2
ORD344,26-05-2024,CUST344,Abdul Ghani,Corporate,Clothing,Jacket,4,47,188,1
ORD345,16-03-2024,CUST345,Abdul Rahaman,Consumer,Electronics,Smartphone,1,218,218,2
ORD346,06-04-2024,CUST346,Abdul Rahman,Corporate,Clothing,Jeans,1,36,36,1
ORD347,29-07-2024,CUST347,Abdul Raheem,Corporate,Electronics,Smartphone,2,492,984,1
ORD348,29-01-2024,CUST348,Abdul Wahid,Consumer,Clothing,Jeans,2,12,24,1
ORD349,14-06-2024,CUST349,Abdullah,Consumer,Electronics,Headphones,4,407,1628,3
ORD350,05-01-2024,CUST350,Abdus,Corporate,Home,Sofa,2,165,330,2
ORD351,26-05-2024,CUST351,Abdus Salaam,Corporate,Home,Lamp,3,108,324,2
ORD352,06-01-2024,CUST352,Abdus Samad,Corporate,Home,Table,4,173,692,2
ORD353,12-05-2024,CUST353,Abdus Sami,Corporate,Home,Sofa,1,257,257,1
ORD354,08-09-2024,CUST354,Abdus Sattar,Consumer,Clothing,T-Shirt,1,50,50,1
ORD355,19-08-2024,CUST355,Abdus Shafi,Consumer,Clothing,Jacket,3,15,45,2
ORD356,19-07-2024,CUST356,Abdus Shahid,Consumer,Electronics,Laptop,2,251,502,1
ORD357,14-09-2024,CUST357,Abdus Subbooh,Consumer,Clothing,Jacket,3,17,51,1
ORD358,12-05-2024,CUST358,Abdus Sabour,Corporate,Electronics,Laptop,2,201,402,2
ORD359,24-06-2024,CUST359,Abdus Salaam,Consumer,Home,Lamp,5,206,1030,1
ORD360,07-02-2024,CUST360,Abdus Samad,Consumer,Home,Table,4,251,1004,1
ORD361,19-02-2024,CUST361,Abdus Sameei,Corporate,Home,Sofa,3,216,648,2
ORD362,15-04-2024,CUST362,Abdus Shaheed,Consumer,Clothing,Jacket,3,45,135,2
ORD363,08-03-2024,CUST363,Abdus Shakur,Corporate,Clothing,Jacket,4,33,132,2
ORD364,24-06-2024,CUST364,Abed,Consumer,Home,Sofa,5,100,500,3
ORD365,09-09-2024,CUST365,Abedin,Corporate,Home,Table,4,299,1196,1
ORD366,12-05-2024,CUST366,Abeer,Corporate,Home,Lamp,3,112,336,2
ORD367,27-09-2024,CUST367,Abel,Corporate,Home,Sofa,5,187,935,2
ORD368,03-05-2024,CUST368,Abenayan,Consumer,Home,Sofa,5,106,530,1
ORD369,20-02-2024,CUST369,Abezag,Corporate,Electronics,Headphones,2,299,598,1
ORD370,29-08-2024,CUST370,Abhaidev,Consumer,Home,Sofa,2,117,234,1
ORD371,10-08-2024,CUST371,Abhaijeet,Corporate,Home,Table,2,231,462,2
ORD372,15-03-2024,CUST372,Abharajithan,Corporate,Clothing,T-Shirt,4,26,104,1
ORD373,21-02-2024,CUST373,Abhas,Corporate,Home,Table,5,210,1050,2
ORD374,15-09-2024,CUST374,Abhav,Consumer,Electronics,Headphones,5,500,2500,3
ORD375,04-08-2024,CUST375,Abhay,Corporate,Clothing,T-Shirt,3,13,39,3
ORD376,27-05-2024,CUST376,Abhaya Prada,Consumer,Home,Table,2,248,496,1
ORD377,27-07-2024,CUST377,Abhayam,Corporate,Home,Lamp,4,141,564,1
ORD378,23-09-2024,CUST378,Abhayan,Corporate,Clothing,Jeans,1,13,13,3
ORD379,05-05-2024,CUST379,Abhayananda,Consumer,Electronics,Headphones,1,367,367,1
ORD380,18-05-2024,CUST380,Abhayankar,Corporate,Home,Sofa,1,241,241,2
ORD381,20-08-2024,CUST381,Abheek,Corporate,Home,Sofa,3,110,330,1
ORD382,18-08-2024,CUST382,Abheesht,Corporate,Clothing,Jeans,3,12,36,1
ORD383,18-03-2024,CUST383,Abheet,Consumer,Home,Lamp,5,262,1310,2
ORD384,14-06-2024,CUST384,Abhey,Corporate,Electronics,Smartphone,2,455,910,2
ORD385,11-05-2024,CUST385,Abhibhava,Consumer,Clothing,Jeans,4,35,140,3
ORD386,12-02-2024,CUST386,Abhicandra,Consumer,Clothing,T-Shirt,3,10,30,3
ORD387,07-09-2024,CUST387,Abhichandra,Consumer,Electronics,Smartphone,4,363,1452,1
ORD388,11-03-2024,CUST388,Abhideep,Corporate,Electronics,Smartphone,4,291,1164,2
ORD389,16-05-2024,CUST389,Abhidharm,Corporate,Home,Table,1,298,298,1
ORD390,09-04-2024,CUST390,Abhidi,Corporate,Electronics,Laptop,4,308,1232,4
ORD391,28-08-2024,CUST391,Abhigyaan,Corporate,Home,Lamp,4,226,904,3
ORD392,20-07-2024,CUST392,Abhihas,Corporate,Electronics,Laptop,4,309,1236,1
ORD393,23-08-2024,CUST393,Abhihita,Corporate,Electronics,Laptop,2,203,406,3
ORD394,09-02-2024,CUST394,Abhijaat,Corporate,Electronics,Smartphone,2,390,780,1
ORD395,20-07-2024,CUST395,Abhijan,Consumer,Electronics,Smartphone,4,302,1208,2
ORD396,08-05-2024,CUST396,Abhijat,Corporate,Home,Table,1,145,145,1
ORD397,26-01-2024,CUST397,Abhijath,Consumer,Clothing,T-Shirt,5,32,160,1
ORD398,12-02-2024,CUST398,Abhijay,Consumer,Electronics,Headphones,4,361,1444,1
ORD399,08-03-2024,CUST399,Abhijaya,Corporate,Home,Sofa,4,253,1012,2
ORD400,07-04-2024,CUST400,Abhijeet,Corporate,Electronics,Laptop,3,360,1080,5
ORD401,05-03-2024,CUST401,Abhijit,Consumer,Electronics,Laptop,5,490,2450,3
ORD402,30-06-2024,CUST402,Abhijith,Consumer,Clothing,Jacket,3,17,51,2
ORD403,01-04-2024,CUST403,Abhijun,Corporate,Home,Sofa,3,178,534,2
ORD404,27-05-2024,CUST404,Abhijvala,Consumer,Electronics,Smartphone,5,395,1975,3
ORD405,04-02-2024,CUST405,Abhik,Corporate,Home,Sofa,3,240,720,2
ORD406,28-09-2024,CUST406,Abhikam,Consumer,Electronics,Smartphone,5,225,1125,2
ORD407,05-01-2024,CUST407,Abhilash,Corporate,Home,Sofa,4,220,880,1
ORD408,19-01-2024,CUST408,Abhilesh,Corporate,Home,Table,3,163,489,1
ORD409,11-08-2024,CUST409,Abhim,Consumer,Clothing,Jeans,3,25,75,2
ORD410,10-09-2024,CUST410,Abhimaan,Corporate,Clothing,Jacket,3,12,36,1
ORD411,01-04-2024,CUST411,Abhiman,Corporate,Electronics,Headphones,4,349,1396,1
ORD412,09-09-2024,CUST412,Abhimand,Corporate,Home,Table,4,117,468,3
ORD413,04-04-2024,CUST413,Abhimani,Corporate,Clothing,T-Shirt,1,34,34,1
ORD414,26-07-2024,CUST414,Abhimanuya,Corporate,Home,Sofa,3,206,618,2
ORD415,27-07-2024,CUST415,Abhimanya,Consumer,Home,Lamp,2,202,404,2
ORD416,20-03-2024,CUST416,Abhimanyu,Consumer,Clothing,Jacket,4,20,80,1
ORD417,04-09-2024,CUST417,Abhimanyusuta,Corporate,Clothing,T-Shirt,4,32,128,4
ORD418,25-03-2024,CUST418,Abhimath,Consumer,Home,Sofa,5,116,580,1
ORD419,07-05-2024,CUST419,Abhimoda,Consumer,Clothing,Jeans,5,15,75,2
ORD420,04-01-2024,CUST420,Abhinabhas,Consumer,Electronics,Laptop,5,499,2495,3
ORD421,19-03-2024,CUST421,Abhinand,Corporate,Clothing,T-Shirt,3,50,150,1
ORD422,25-09-2024,CUST422,Abhinanda,Corporate,Electronics,Headphones,1,239,239,1
ORD423,06-03-2024,CUST423,Abhinandan,Corporate,Electronics,Laptop,3,218,654,2
ORD424,07-01-2024,CUST424,Abhinandan,Corporate,Electronics,Headphones,3,374,1122,2
ORD425,25-07-2024,CUST425,Abhinandana,Consumer,Home,Sofa,3,287,861,4
ORD426,20-02-2024,CUST426,Abhinandana,Corporate,Electronics,Laptop,3,484,1452,4
ORD427,22-03-2024,CUST427,Abhinash,Consumer,Electronics,Headphones,2,435,870,2
ORD428,28-02-2024,CUST428,Abhinatha,Consumer,Electronics,Smartphone,4,311,1244,2
ORD429,20-07-2024,CUST429,Abhinav,Consumer,Home,Lamp,4,193,772,1
ORD430,30-07-2024,CUST430,Abhinava,Corporate,Home,Table,2,296,592,2
ORD431,18-09-2024,CUST431,Abhinay,Corporate,Home,Table,1,143,143,2
ORD432,25-09-2024,CUST432,Abhineet,Corporate,Home,Table,4,219,876,3
ORD433,12-01-2024,CUST433,Abhinesh,Corporate,Electronics,Laptop,1,275,275,3
ORD434,05-07-2024,CUST434,Abhinit,Consumer,Clothing,T-Shirt,4,38,152,3
ORD435,14-03-2024,CUST435,Abhinivesh,Corporate,Electronics,Headphones,1,278,278,1
ORD436,16-07-2024,CUST436,Abhinu,Corporate,Electronics,Headphones,3,321,963,2
ORD437,10-03-2024,CUST437,Abhipuj,Consumer,Electronics,Laptop,4,396,1584,3
ORD438,20-08-2024,CUST438,Abhir,Corporate,Electronics,Laptop,3,283,849,2
ORD439,08-08-2024,CUST439,Abhiraam,Consumer,Home,Table,3,135,405,3
ORD440,02-09-2024,CUST440,Abhiraj,Corporate,Electronics,Smartphone,3,467,1401,2
ORD441,16-02-2024,CUST441,Abhiral,Corporate,Electronics,Laptop,2,370,740,1
ORD442,21-07-2024,CUST442,Abhiram,Consumer,Electronics,Laptop,5,219,1095,2
ORD443,01-02-2024,CUST443,Abhirath,Corporate,Clothing,Jacket,3,29,87,4
ORD444,24-02-2024,CUST444,Abhiroop,Consumer,Clothing,T-Shirt,2,48,96,1
ORD445,29-02-2024,CUST445,Abhirup,Consumer,Home,Lamp,3,272,816,2
ORD446,20-09-2024,CUST446,Abhisar,Consumer,Home,Sofa,3,233,699,1
ORD447,05-02-2024,CUST447,Abhisek,Corporate,Electronics,Headphones,2,408,816,3
ORD448,28-02-2024,CUST448,Abhisheik,Consumer,Electronics,Laptop,2,478,956,3
ORD449,17-08-2024,CUST449,Abhishek,Consumer,Electronics,Smartphone,4,224,896,3
ORD450,15-02-2024,CUST450,Abhishekita,Consumer,Electronics,Smartphone,4,284,1136,1
ORD451,04-04-2024,CUST451,Abhishrey,Corporate,Clothing,Jacket,4,40,160,1
ORD452,16-04-2024,CUST452,Abhisoka,Consumer,Electronics,Headphones,4,221,884,2
ORD453,04-02-2024,CUST453,Abhisumat,Corporate,Clothing,T-Shirt,5,12,60,2
ORD454,12-08-2024,CUST454,Abhisumath,Consumer,Clothing,Jeans,1,35,35,2
ORD455,05-01-2024,CUST455,Abhisyanta,Consumer,Electronics,Headphones,4,344,1376,3
ORD456,14-01-2024,CUST456,Abhith,Corporate,Electronics,Laptop,5,491,2455,3
ORD457,28-03-2024,CUST457,Abhivaadan,Consumer,Home,Table,5,210,1050,1
ORD458,12-04-2024,CUST458,Abhivaadan,Consumer,Home,Table,3,194,582,1
ORD459,18-09-2024,CUST459,Abhivadan,Consumer,Electronics,Headphones,1,374,374,1
ORD460,10-03-2024,CUST460,Abhivadan,Consumer,Electronics,Laptop,4,313,1252,2
ORD461,28-05-2024,CUST461,Abhivanth,Consumer,Home,Lamp,3,131,393,2
ORD462,21-08-2024,CUST462,Abhivanth,Consumer,Home,Table,3,204,612,5
ORD463,05-08-2024,CUST463,Abivanth,Consumer,Clothing,Jacket,4,48,192,2
ORD464,04-05-2024,CUST464,Abhivira,Consumer,Home,Table,5,244,1220,1
ORD465,24-03-2024,CUST465,Abhjeet,Corporate,Home,Sofa,5,129,645,2
ORD466,15-01-2024,CUST466,Abhoy,Consumer,Home,Sofa,5,148,740,4
ORD467,08-04-2024,CUST467,Abhra,Corporate,Clothing,T-Shirt,5,28,140,3
ORD468,09-07-2024,CUST468,Abhrakasin,Corporate,Home,Table,5,293,1465,2
ORD469,06-08-2024,CUST469,Abhram,Corporate,Home,Lamp,2,118,236,2
ORD470,04-06-2024,CUST470,Abhranila,Consumer,Clothing,Jacket,3,10,30,4
ORD471,02-09-2024,CUST471,Abhu,Corporate,Home,Lamp,5,277,1385,1
ORD472,04-05-2024,CUST472,Abhya,Corporate,Electronics,Headphones,5,234,1170,1
ORD473,16-02-2024,CUST473,Abhyagni,Corporate,Clothing,Jacket,4,19,76,3
ORD474,05-08-2024,CUST474,Abhyan,Corporate,Home,Table,2,204,408,3
ORD475,20-07-2024,CUST475,Abhyank,Consumer,Electronics,Headphones,1,392,392,2
ORD476,28-01-2024,CUST476,Abhypsit,Consumer,Electronics,Headphones,1,358,358,2
ORD477,04-07-2024,CUST477,Abhyuday,Corporate,Home,Table,3,190,570,2
ORD478,18-01-2024,CUST478,Abhyudaya,Consumer,Electronics,Smartphone,5,493,2465,4
ORD479,12-02-2024,CUST479,Abhyudev,Corporate,Electronics,Smartphone,4,381,1524,1
ORD480,03-08-2024,CUST480,Abhyudita,Corporate,Electronics,Smartphone,3,492,1476,2
ORD481,11-02-2024,CUST481,Abid,Consumer,Home,Table,5,228,1140,1
ORD482,31-03-2024,CUST482,Abidin,Consumer,Clothing,Jeans,4,16,64,1
ORD483,15-01-2024,CUST483,Abijith,Corporate,Electronics,Laptop,1,255,255,1
ORD484,04-05-2024,CUST484,Abimanyu,Consumer,Clothing,T-Shirt,4,16,64,2
ORD485,09-07-2024,CUST485,Abinash,Consumer,Home,Table,5,236,1180,1
ORD486,14-02-2024,CUST486,Abinav,Consumer,Clothing,Jacket,4,23,92,2
ORD487,28-06-2024,CUST487,Abinay,Consumer,Clothing,Jacket,2,33,66,1
ORD488,13-04-2024,CUST488,Abinayan,Consumer,Clothing,T-Shirt,2,37,74,1
ORD489,04-05-2024,CUST489,Abinesh,Consumer,Clothing,Jeans,2,10,20,4
ORD490,26-08-2024,CUST490,Abinish,Consumer,Electronics,Headphones,3,474,1422,1
ORD491,07-03-2024,CUST491,Abiram,Consumer,Clothing,Jeans,4,31,124,2
ORD492,11-04-2024,CUST492,Abisali,Corporate,Clothing,Jeans,3,13,39,2
ORD493,13-08-2024,CUST493,Abishek,Corporate,Home,Sofa,4,165,660,3
ORD494,18-02-2024,CUST494,Abivanth,Consumer,Electronics,Smartphone,4,239,956,3
ORD495,18-07-2024,CUST495,Abjayoni,Consumer,Home,Table,1,239,239,1
ORD496,22-03-2024,CUST496,Abjit,Consumer,Clothing,Jeans,4,46,184,3
ORD497,06-06-2024,CUST497,Abner,Consumer,Electronics,Laptop,5,404,2020,2
ORD498,25-02-2024,CUST498,Abninayan,Corporate,Clothing,T-Shirt,4,12,48,1
ORD499,23-04-2024,CUST499,Abra,Consumer,Clothing,T-Shirt,3,47,141,2
ORD500,12-09-2024,CUST500,Abrad,Consumer,Electronics,Smartphone,2,363,726,1
ORD501,23-06-2024,CUST420,Abheesht,Corporate,Clothing,T-Shirt,2,31,62,2
ORD502,03-09-2024,CUST440,Abhinandan,Corporate,Home,Table,4,154,616,1
ORD503,12-03-2024,CUST028,Aadhyatm,Consumer,Clothing,Jacket,5,30,150,3
ORD504,22-03-2024,CUST366,Aadim,Corporate,Electronics,Headphones,3,368,1104,1
ORD505,15-03-2024,CUST449,#REF!,Consumer,Electronics,Smartphone,2,216,432,2
ORD506,29-03-2024,CUST021,Aayu,Consumer,Electronics,Headphones,5,437,2185,2
ORD507,13-03-2024,CUST363,Abeer,Consumer,Electronics,Headphones,4,459,1836,1
ORD508,27-04-2024,CUST470,Abhisheik,Corporate,Electronics,Headphones,2,322,644,3
ORD509,02-01-2024,CUST265,Adil,Consumer,Clothing,T-Shirt,3,45,135,2
ORD510,24-04-2024,CUST247,Abbott,Corporate,Home,Table,3,187,561,2
ORD511,23-05-2024,CUST181,Aathiruban,Consumer,Electronics,Headphones,2,272,544,1
ORD512,08-07-2024,CUST400,Abdus Salaam,Consumer,Clothing,T-Shirt,5,42,210,4
ORD513,15-04-2024,CUST297,Aanandswarup,Consumer,Electronics,Headphones,2,431,862,3
ORD514,05-05-2024,CUST077,Aadhiseshwar,Corporate,Home,Lamp,4,152,608,2
ORD515,17-02-2024,CUST261,Aadarko,Consumer,Home,Table,1,161,161,2
ORD516,27-06-2024,CUST295,Aarjav,Consumer,Electronics,Headphones,4,217,868,1
ORD517,30-01-2024,CUST448,Aadhiran,Consumer,Clothing,Jacket,2,30,60,2
ORD518,13-04-2024,CUST188,Abhayananda,Corporate,Electronics,Smartphone,5,231,1155,5
ORD519,12-05-2024,CUST361,Aatheshan,Consumer,Home,Table,2,118,236,1
ORD520,19-09-2024,CUST251,Abhyudita,Consumer,Clothing,T-Shirt,2,14,28,1
ORD521,15-03-2024,CUST390,Aadanyan,Consumer,Home,Sofa,1,241,241,3
ORD522,09-08-2024,CUST142,Abhisar,Corporate,Home,Lamp,2,166,332,3
ORD523,10-07-2024,CUST216,Aalamarchelvan,Consumer,Clothing,Jeans,1,37,37,4
ORD524,23-09-2024,CUST364,Abbudin,Consumer,Electronics,Smartphone,5,377,1885,2
ORD525,18-08-2024,CUST149,Aathipan,Consumer,Clothing,Jacket,2,25,50,2
ORD526,28-02-2024,CUST336,Aakampan,Corporate,Home,Lamp,3,299,897,3
ORD527,28-04-2024,CUST016,Abdus Sami,Corporate,Electronics,Headphones,1,231,231,2
ORD528,06-06-2024,CUST474,Aaryak,Consumer,Home,Lamp,5,170,850,2
ORD529,25-01-2024,CUST463,Aadarko,Consumer,Home,Lamp,4,235,940,1
ORD530,22-04-2024,CUST085,Aaqil,Consumer,Clothing,T-Shirt,2,13,26,4
ORD531,21-02-2024,CUST283,Aadalarasan,Consumer,Clothing,Jeans,3,22,66,1
ORD532,26-01-2024,CUST088,Aastik,Corporate,Home,Lamp,2,128,256,3
ORD533,23-01-2024,CUST231,Aanay,Corporate,Electronics,Laptop,4,330,1320,2
ORD534,16-04-2024,CUST131,Aakaash,Corporate,Home,Table,4,114,456,1
ORD535,21-04-2024,CUST254,Aaradhak,Consumer,Electronics,Laptop,3,402,1206,1
ORD536,29-04-2024,CUST050,Aatish,Consumer,Home,Lamp,5,218,1090,2
ORD537,15-06-2024,CUST245,Abhinu,Consumer,Clothing,T-Shirt,3,33,99,2
ORD538,04-07-2024,CUST193,Abheer,Consumer,Clothing,T-Shirt,5,16,80,3
ORD539,25-08-2024,CUST074,Aatheesh,Consumer,Clothing,Jeans,2,18,36,1
ORD540,22-01-2024,CUST128,Aabheer,Consumer,Electronics,Headphones,1,335,335,4
ORD541,12-01-2024,CUST220,Abbudin,Consumer,Electronics,Smartphone,5,383,1915,2
ORD542,03-05-2024,CUST480,Aadith,Consumer,Electronics,Laptop,4,242,968,1
ORD543,12-01-2024,CUST180,Aadarko,Consumer,Electronics,Headphones,5,455,2275,1
ORD544,23-07-2024,CUST477,Aaruthran,Corporate,Electronics,Headphones,3,478,1434,1
ORD545,04-01-2024,CUST271,Abbas,Corporate,Electronics,Laptop,2,278,556,2
ORD546,20-04-2024,CUST002,Aaish,Consumer,Home,Sofa,2,123,246,1
ORD547,04-05-2024,CUST068,Aanick,Consumer,Home,Lamp,1,210,210,5
ORD548,10-06-2024,CUST235,Abhilesh,Consumer,Home,Table,4,267,1068,2
ORD549,25-01-2024,CUST442,Aadhikeshavan,Corporate,Electronics,Headphones,3,471,1413,1
ORD550,04-09-2024,CUST390,Abhijath,Consumer,Clothing,Jeans,2,35,70,2
ORD551,22-03-2024,CUST269,Aakashi,Consumer,Home,Table,2,202,404,1
ORD552,04-01-2024,CUST445,Aashrut,Corporate,Electronics,Laptop,5,254,1270,1
ORD553,26-03-2024,CUST285,Abdullah,Corporate,Home,Sofa,4,240,960,3
ORD554,27-05-2024,CUST261,Aakarshak,Corporate,Home,Sofa,1,230,230,1
ORD555,06-07-2024,CUST404,Abhideep,Corporate,Clothing,Jacket,3,32,96,2
ORD556,27-07-2024,CUST118,Abhiraam,Consumer,Home,Sofa,5,194,970,2
ORD557,22-08-2024,CUST266,Aatheshan,Consumer,Clothing,Jeans,1,28,28,1
ORD558,01-05-2024,CUST443,Abel,Consumer,Clothing,T-Shirt,5,18,90,3
ORD559,17-05-2024,CUST177,Aathikeyan,Corporate,Home,Lamp,5,232,1160,3
ORD560,25-04-2024,CUST207,Aatreya,Corporate,Clothing,T-Shirt,2,41,82,2
ORD561,31-05-2024,CUST300,Aadavan,Consumer,Electronics,Laptop,4,315,1260,1
ORD562,24-04-2024,CUST087,Abhaidev,Corporate,Clothing,Jacket,3,14,42,2
ORD563,15-07-2024,CUST122,Aathan,Consumer,Clothing,T-Shirt,5,40,200,1
ORD564,28-07-2024,CUST009,Abedin,Corporate,Clothing,Jeans,4,26,104,3
ORD565,18-05-2024,CUST206,Aabheer,Consumer,Home,Sofa,5,172,860,2
ORD566,10-05-2024,CUST294,Arpit,Consumer,Home,Sofa,1,229,229,1
ORD567,20-01-2024,CUST188,Aashay,Corporate,Clothing,Jeans,1,42,42,4
ORD568,01-01-2024,CUST193,Aaruthra,Consumer,Clothing,T-Shirt,2,30,60,2
ORD569,19-03-2024,CUST088,Aahlaad,Corporate,Home,Sofa,3,182,546,2
ORD570,26-03-2024,CUST128,Abeer,Consumer,Home,Lamp,2,191,382,3
ORD571,30-01-2024,CUST297,Abayan,Corporate,Home,Sofa,2,166,332,2
ORD572,08-01-2024,CUST118,Abdus Shafi,Consumer,Home,Sofa,5,162,810,1
ORD573,25-02-2024,CUST066,Aathees,Consumer,Clothing,T-Shirt,2,39,78,2
ORD574,22-03-2024,CUST089,Aadhiban,Corporate,Electronics,Smartphone,2,430,860,1
ORD575,22-01-2024,CUST105,Abhinandan,Corporate,Home,Sofa,5,292,1460,1
ORD576,20-02-2024,CUST009,Abhranila,Consumer,Clothing,Jacket,5,17,85,2
ORD577,20-04-2024,CUST355,Aabher,Consumer,Electronics,Headphones,1,371,371,1
ORD578,25-04-2024,CUST001,Aafiya,Corporate,Home,Sofa,3,213,639,2
ORD579,10-04-2024,CUST178,Abhijaya,Consumer,Home,Sofa,5,289,1445,1
ORD580,17-06-2024,CUST400,Abhypsit,Consumer,Home,Lamp,1,155,155,3
ORD581,05-05-2024,CUST373,Aakarshan,Consumer,Electronics,Laptop,4,253,1012,1
ORD582,26-07-2024,CUST399,Aadhithiya,Consumer,Electronics,Headphones,5,380,1900,1
ORD583,05-04-2024,CUST060,Aafreen,Consumer,Electronics,Laptop,3,202,606,2
ORD584,01-04-2024,CUST320,Aavansh,Corporate,Clothing,T-Shirt,3,17,51,3
ORD585,30-05-2024,CUST420,Aashish,Corporate,Clothing,T-Shirt,2,35,70,1
ORD586,12-02-2024,CUST100,Aalan,Corporate,Home,Lamp,5,171,855,2
ORD587,30-03-2024,CUST497,Abdus Shakur,Consumer,Home,Table,5,127,635,1
ORD588,13-05-2024,CUST351,Abhishekita,Corporate,Clothing,Jeans,1,38,38,1
ORD589,10-04-2024,CUST467,Anjaneya,Corporate,Clothing,T-Shirt,1,22,22,2
ORD590,11-06-2024,CUST342,Aamirah,Consumer,Electronics,Smartphone,4,286,1144,1
ORD591,02-06-2024,CUST299,Aaveg,Consumer,Clothing,T-Shirt,1,34,34,1
ORD592,21-01-2024,CUST067,Aayudh,Consumer,Home,Table,4,121,484,3
ORD593,30-01-2024,CUST456,Aathavan,Consumer,Home,Lamp,1,255,255,2
ORD594,13-05-2024,CUST225,Aapt,Corporate,Clothing,T-Shirt,3,41,123,1
ORD595,09-03-2024,CUST194,Aakarsh,Consumer,Electronics,Laptop,2,407,814,2
ORD596,17-06-2024,CUST179,Abdus Shahid,Consumer,Home,Table,3,178,534,1
ORD597,16-08-2024,CUST006,Aakesh,Consumer,Clothing,Jacket,2,18,36,2
ORD598,02-09-2024,CUST035,Aarksh,Consumer,Home,Sofa,2,268,536,1
ORD599,20-02-2024,CUST315,Aagneya,Corporate,Electronics,Laptop,1,314,314,2
ORD600,21-04-2024,CUST427,Ahan,Consumer,Home,Lamp,5,170,850,1
ORD601,05-06-2024,CUST385,Aadhar,Corporate,Clothing,T-Shirt,4,47,188,2
ORD602,03-03-2024,CUST082,Aahanyan,Consumer,Electronics,Headphones,2,229,458,3
ORD603,09-05-2024,CUST298,Abheesht,Corporate,Home,Table,3,293,879,2
ORD604,02-07-2024,CUST138,Aathithyan,Consumer,Clothing,Jacket,3,50,150,4
ORD605,27-08-2024,CUST173,Aahlad,Consumer,Electronics,Headphones,1,465,465,1
ORD606,17-03-2024,CUST375,Aayus,Corporate,Electronics,Smartphone,3,359,1077,2
ORD607,28-02-2024,CUST253,Aaish,Consumer,Electronics,Smartphone,2,237,474,3
ORD608,06-07-2024,CUST039,Aahnik,Consumer,Electronics,Laptop,1,461,461,2
ORD609,21-03-2024,CUST466,Abhisheik,Consumer,Clothing,T-Shirt,2,33,66,3
ORD610,01-05-2024,CUST434,Aaryesh,Corporate,Clothing,Jeans,5,42,210,2
ORD611,01-03-2024,CUST170,Aaruthra,Corporate,Home,Lamp,2,189,378,2
ORD612,24-03-2024,CUST004,Araadhak,Corporate,Clothing,Jacket,4,43,172,2
ORD613,17-03-2024,CUST338,Aadhithiya,Corporate,Home,Sofa,2,252,504,3
ORD614,08-07-2024,CUST401,Aafiya,Corporate,Home,Lamp,2,143,286,2
ORD615,21-05-2024,CUST469,Abhivira,Corporate,Clothing,T-Shirt,3,36,108,1
ORD616,15-03-2024,CUST494,Aashrith,Consumer,Home,Table,5,148,740,2
ORD617,27-04-2024,CUST183,Aarav,Corporate,Electronics,Laptop,4,318,1272,1
ORD618,18-01-2024,CUST138,Aadarshanan,Corporate,Electronics,Headphones,1,342,342,3
ORD619,29-04-2024,#REF!,Abijith,Consumer,Clothing,Jeans,1,44,44,1
ORD620,11-01-2024,CUST056,Abhayam,Consumer,Electronics,Laptop,1,222,222,1
ORD621,03-03-2024,CUST021,Abheer,Corporate,Clothing,Jeans,5,34,170,1
ORD622,21-01-2024,CUST438,Aathikan,Corporate,Electronics,Smartphone,5,316,1580,1
ORD623,10-09-2024,CUST095,Aahva,Corporate,Clothing,Jeans,5,22,110,1
ORD624,20-07-2024,CUST265,Abdus Sattar,Consumer,Clothing,T-Shirt,5,42,210,1
ORD625,20-04-2024,CUST400,Aaranen,Corporate,Clothing,T-Shirt,1,24,24,2
ORD626,07-08-2024,CUST303,Aapu,Consumer,Electronics,Smartphone,1,203,203,2
ORD627,21-09-2024,CUST499,Aadarsh,Corporate,Electronics,Smartphone,1,287,287,1
ORD628,28-05-2024,CUST314,Asheesh,Consumer,Electronics,Headphones,3,464,1392,1
ORD629,13-02-2024,CUST405,Abayan,Corporate,Electronics,Laptop,4,251,1004,1
ORD630,26-08-2024,CUST474,Aarpit,Corporate,Home,Sofa,3,277,831,1
ORD631,21-01-2024,CUST115,Aaron,Consumer,Home,Sofa,2,133,266,2
ORD632,27-09-2024,CUST313,Aamir,Consumer,Home,Table,1,133,133,3
ORD633,31-05-2024,CUST349,Abedin,Consumer,Electronics,Laptop,3,462,1386,2
ORD634,06-01-2024,CUST008,Abhav,Corporate,Clothing,T-Shirt,5,26,130,2
ORD635,02-09-2024,CUST127,Aftab,Consumer,Clothing,Jeans,4,26,104,1
ORD636,23-02-2024,CUST439,Abjit,Consumer,Home,Table,1,271,271,2
ORD637,31-01-2024,CUST050,Aayushmaan,Corporate,Electronics,Smartphone,1,228,228,1
ORD638,12-08-2024,CUST439,Aavish,Corporate,Home,Sofa,5,244,1220,1
ORD639,20-01-2024,CUST470,Abdus Samad,Consumer,Clothing,Jacket,5,36,180,2
ORD640,05-07-2024,CUST308,Aahva,Corporate,Home,Lamp,1,246,246,2
ORD641,26-07-2024,CUST104,Aartheepan,Consumer,Clothing,Jeans,3,44,132,1
ORD642,26-07-2024,CUST455,Aartheepan,Corporate,Clothing,Jeans,4,47,188,2
ORD643,28-07-2024,CUST043,Aatman,Consumer,Electronics,Headphones,5,201,1005,1
ORD644,29-02-2024,CUST169,Aakar,Corporate,Electronics,Smartphone,2,393,786,2
ORD645,05-02-2024,CUST151,Aaban,Consumer,Electronics,Laptop,2,209,418,1
ORD646,09-04-2024,CUST144,Abhirup,Consumer,Electronics,Headphones,3,233,699,3
ORD647,28-04-2024,CUST102,Abhyank,Consumer,Home,Sofa,5,212,1060,1
ORD648,19-09-2024,CUST042,Aadvik,Consumer,Clothing,T-Shirt,1,37,37,1
ORD649,12-07-2024,CUST310,Aarujan,Consumer,Clothing,T-Shirt,5,23,115,1
ORD650,04-08-2024,CUST081,Abhoy,Corporate,Electronics,Laptop,3,282,846,1
ORD651,11-08-2024,CUST190,Abdus Sattar,Corporate,Clothing,Jacket,3,31,93,1
ORD652,22-05-2024,CUST258,Aanandaswarup,Consumer,Clothing,Jeans,1,47,47,1
ORD653,06-01-2024,CUST125,Aacharya,Corporate,Home,Lamp,4,145,580,1
ORD654,01-09-2024,CUST177,Abhivanth,Consumer,Clothing,T-Shirt,5,18,90,2
ORD655,13-02-2024,CUST437,Abdus Salaam,Consumer,Home,Table,5,272,1360,2
ORD656,11-05-2024,CUST242,Aaveg,Corporate,Electronics,Headphones,2,442,884,3
ORD657,23-01-2024,CUST067,Aahlaad,Corporate,Clothing,T-Shirt,1,34,34,2
ORD658,13-06-2024,CUST182,Abhivaadan,Consumer,Electronics,Laptop,2,488,976,2
ORD659,27-07-2024,CUST186,Aaditva,Corporate,Electronics,Headphones,4,403,1612,1
ORD660,29-06-2024,CUST207,Abadhya,Corporate,Home,Sofa,3,170,510,1
ORD661,05-08-2024,CUST191,Aadhiyannal,Corporate,Clothing,Jacket,1,28,28,1
ORD662,07-07-2024,CUST336,Aaditeya,Consumer,Electronics,Laptop,3,287,861,2
ORD663,26-04-2024,CUST156,Abharajithan,Corporate,Home,Lamp,2,143,286,1
ORD664,29-06-2024,CUST325,Abinish,Consumer,Electronics,Headphones,5,298,1490,1
ORD665,07-01-2024,CUST462,Abinay,Consumer,Electronics,Headphones,5,497,2485,4
ORD666,05-04-2024,CUST038,Aadavan,Corporate,Clothing,Jeans,4,49,196,2
ORD667,15-07-2024,CUST409,Abhijaya,Corporate,Clothing,Jacket,5,39,195,1
ORD668,13-06-2024,CUST345,Abdus Sameei,Corporate,Clothing,T-Shirt,5,40,200,1
ORD669,29-08-2024,CUST425,Aanush,Corporate,Clothing,Jacket,5,30,150,3
ORD670,12-01-2024,CUST332,Aathees,Consumer,Home,Table,5,212,1060,2
ORD671,19-07-2024,CUST315,Abhinava,Corporate,Home,Sofa,1,103,103,1
ORD672,10-07-2024,CUST403,Adesh,Consumer,Electronics,Smartphone,4,397,1588,1
ORD673,29-03-2024,CUST001,Aaranen,Corporate,Home,Sofa,3,287,861,1
ORD674,29-05-2024,CUST466,Aakarshan,Consumer,Electronics,Smartphone,5,227,1135,2
ORD675,03-08-2024,CUST264,Abhivanth,Corporate,Home,Table,3,239,717,1
ORD676,13-04-2024,CUST128,Aavi,Corporate,Home,Sofa,1,128,128,2
ORD677,12-07-2024,CUST273,Aadhithyaa,Consumer,Clothing,Jacket,4,38,152,2
ORD678,24-09-2024,CUST467,Abhivaadan,Consumer,Electronics,Headphones,1,381,381,1
ORD679,03-06-2024,CUST414,Abheek,Consumer,Clothing,Jacket,5,50,250,1
ORD680,26-05-2024,CUST080,Abhranila,Consumer,Home,Table,5,190,950,2
ORD681,14-07-2024,CUST142,Arpit,Consumer,Clothing,Jacket,1,50,50,2
ORD682,02-03-2024,CUST240,Abheet,Corporate,Home,Sofa,5,155,775,1
ORD683,09-06-2024,CUST083,Aarnav,Consumer,Clothing,Jeans,2,27,54,1
ORD684,26-06-2024,CUST276,Abhivaadan,Consumer,Clothing,Jeans,4,43,172,1
ORD685,19-01-2024,CUST109,Aakarshan,Consumer,Electronics,Smartphone,1,228,228,3
ORD686,08-03-2024,CUST401,Aadijay,Corporate,Electronics,Headphones,1,405,405,1
ORD687,24-08-2024,CUST475,Aadiv,Corporate,Electronics,Laptop,3,415,1245,1
ORD688,09-03-2024,CUST169,Aabher,Consumer,Clothing,T-Shirt,4,40,160,1
ORD689,11-02-2024,CUST489,Abhaijeet,Consumer,Home,Sofa,5,163,815,3
ORD690,01-09-2024,CUST049,Aasit,Consumer,Home,Sofa,1,113,113,1
ORD691,31-01-2024,CUST138,Abner,Corporate,Clothing,Jeans,4,39,156,2
ORD692,29-03-2024,CUST141,Aadhi,Consumer,Clothing,T-Shirt,3,32,96,2
ORD693,17-03-2024,CUST065,Aaranan,Consumer,Electronics,Laptop,5,335,1675,3
ORD694,12-01-2024,CUST395,Aathavan,Consumer,Clothing,Jacket,4,36,144,1
ORD695,03-02-2024,CUST400,Aabharan,Consumer,Clothing,Jacket,4,19,76,1
ORD696,29-07-2024,CUST099,Aahwaanith,Corporate,Electronics,Headphones,5,428,2140,1
ORD697,19-04-2024,CUST188,Aageethan,Corporate,Home,Table,3,134,402,3
ORD698,28-09-2024,CUST284,Aasav,Corporate,Home,Table,5,120,600,1
ORD699,09-01-2024,CUST417,Ahan,Corporate,Clothing,T-Shirt,1,28,28,3
ORD700,15-01-2024,CUST141,Abhu,Corporate,Electronics,Headphones,3,471,1413,1
ORD701,01-06-2024,CUST406,Aarushan,Corporate,Home,Sofa,3,118,354,1
ORD702,03-01-2024,CUST339,Aahaan,Consumer,Home,Lamp,2,291,582,2
ORD703,17-03-2024,CUST343,Abhicandra,Consumer,Home,Lamp,5,265,1325,1
ORD704,21-03-2024,CUST145,Aashman,Corporate,Clothing,Jeans,4,35,140,1
ORD705,12-06-2024,CUST048,Aadimoolan,Corporate,Home,Sofa,2,109,218,1
ORD706,07-06-2024,CUST177,Aarksh,Consumer,Electronics,Headphones,5,300,1500,1
ORD707,01-09-2024,CUST425,Aabher,Consumer,Clothing,Jeans,5,48,240,2
ORD708,15-07-2024,CUST044,Abjit,Corporate,Home,Lamp,1,269,269,1
ORD709,18-08-2024,CUST443,Abhrakasin,Consumer,Clothing,T-Shirt,3,45,135,2
ORD710,01-01-2024,CUST100,Aamir,Corporate,Home,Sofa,5,298,1490,1
ORD711,20-07-2024,CUST121,Abadhya,Consumer,Electronics,Headphones,4,473,1892,1
ORD712,15-07-2024,CUST028,Aatma,Consumer,Home,Sofa,4,186,744,2
ORD713,11-07-2024,CUST188,Aathiran,Corporate,Electronics,Laptop,5,369,1845,2
ORD714,29-03-2024,CUST313,Aadhishwaran,Corporate,Clothing,T-Shirt,2,38,76,2
ORD715,15-02-2024,CUST034,Aalap,Corporate,Electronics,Headphones,1,454,454,2
ORD716,27-04-2024,CUST431,Aaghosh,Consumer,Clothing,Jacket,1,15,15,1
ORD717,10-08-2024,CUST199,Abed,Consumer,Home,Sofa,3,208,624,2
ORD718,05-01-2024,CUST271,Aachuthan,Corporate,Home,Lamp,1,129,129,1
ORD719,22-02-2024,CUST020,Abhyagni,Corporate,Clothing,T-Shirt,4,37,148,1
ORD720,07-03-2024,CUST101,Abdus,Corporate,Home,Lamp,1,207,207,1
ORD721,06-01-2024,CUST202,Aaveg,Corporate,Clothing,Jeans,4,50,200,2
ORD722,26-07-2024,CUST385,Aashutosh,Corporate,Electronics,Smartphone,5,203,1015,1
ORD723,13-04-2024,CUST187,Aarul,Corporate,Home,Lamp,1,144,144,3
ORD724,25-09-2024,CUST216,Aakaash,Corporate,Clothing,Jacket,1,26,26,3
ORD725,07-06-2024,CUST206,Abbhinav,Corporate,Clothing,Jeans,1,16,16,1
ORD726,25-06-2024,CUST417,Aadhiseshwar,Consumer,Electronics,Smartphone,1,302,302,2
ORD727,15-02-2024,CUST082,Aaruran,Consumer,Electronics,Smartphone,1,397,397,2
ORD728,11-04-2024,CUST065,Abhinit,Corporate,Electronics,Headphones,1,354,354,2
ORD729,23-03-2024,CUST144,Aaghosh,Corporate,Clothing,T-Shirt,5,24,120,2
ORD730,29-02-2024,CUST159,Abhyudita,Consumer,Electronics,Laptop,5,377,1885,1
ORD731,10-01-2024,CUST036,Abhik,Consumer,Clothing,T-Shirt,4,44,176,1
ORD732,17-08-2024,CUST109,Abdul,Corporate,Home,Table,2,243,486,2
ORD733,28-01-2024,CUST171,Abhinivesh,Corporate,Home,Table,1,267,267,3
ORD734,08-08-2024,CUST126,Abhey,Corporate,Electronics,Laptop,3,389,1167,3
ORD735,03-08-2024,CUST338,Abhivanth,Consumer,Home,Sofa,1,234,234,2
ORD736,21-05-2024,CUST241,Abhidharm,Corporate,Electronics,Headphones,1,426,426,3
ORD737,23-02-2024,CUST492,Aryan,Consumer,Electronics,Laptop,5,319,1595,1
ORD738,05-07-2024,CUST256,Abhimanuya,Corporate,Electronics,Laptop,2,467,934,2
ORD739,04-01-2024,CUST285,Abbud,Consumer,Electronics,Headphones,2,371,742,2
ORD740,14-05-2024,CUST443,Abjayoni,Consumer,Home,Lamp,4,172,688,1
ORD741,02-03-2024,CUST187,Aayushman,Consumer,Home,Table,1,288,288,2
ORD742,26-01-2024,CUST417,Aaran,Consumer,Clothing,T-Shirt,4,24,96,1
ORD743,29-08-2024,CUST154,Abhinava,Consumer,Clothing,Jacket,4,21,84,2
ORD744,27-09-2024,CUST138,Aaryav,Consumer,Electronics,Smartphone,5,397,1985,1
ORD745,18-02-2024,CUST228,Abbas,Consumer,Home,Sofa,1,100,100,2
ORD746,20-06-2024,CUST433,Aathisekan,Consumer,Home,Table,3,103,309,2
ORD747,30-06-2024,CUST188,Abhivadan,Consumer,Electronics,Headphones,3,421,1263,1
ORD748,17-06-2024,CUST454,Aarthikan,Consumer,Clothing,T-Shirt,5,34,170,1
ORD749,13-07-2024,CUST331,Aaranay,Consumer,Home,Lamp,4,213,852,1
ORD750,03-04-2024,CUST012,Aashif,Corporate,Electronics,Headphones,5,309,1545,1
ORD751,17-01-2024,CUST277,Aathavan,Corporate,Home,Sofa,1,119,119,1
ORD752,22-08-2024,CUST025,Aaharen,Consumer,Home,Lamp,3,130,390,1
ORD753,10-05-2024,CUST473,Atma,Corporate,Clothing,Jacket,3,17,51,2
ORD754,20-07-2024,CUST489,Aadhithyaa,Corporate,Electronics,Smartphone,1,290,290,2
ORD755,06-09-2024,CUST006,Abhidharm,Consumer,Electronics,Headphones,5,283,1415,1
ORD756,30-03-2024,CUST038,Aadhishankar,Corporate,Electronics,Laptop,5,473,2365,1
ORD757,22-08-2024,CUST016,Arpit,Consumer,Home,Sofa,5,298,1490,1
ORD758,01-03-2024,CUST423,Aashrut,Consumer,Clothing,Jeans,5,50,250,1
ORD759,15-01-2024,CUST216,Aadyot,Consumer,Clothing,T-Shirt,1,40,40,2
ORD760,07-03-2024,CUST494,Abdus Salaam,Consumer,Clothing,T-Shirt,4,20,80,1
ORD761,01-03-2024,CUST270,Aathees,Corporate,Home,Sofa,4,299,1196,1
ORD762,15-06-2024,CUST386,Aariz,Consumer,Electronics,Headphones,3,293,879,2
ORD763,15-02-2024,CUST486,Aaish,Corporate,Electronics,Headphones,5,431,2155,1
ORD764,19-07-2024,CUST152,Aryan,Corporate,Home,Table,1,214,214,1
ORD765,19-07-2024,CUST224,Aathikeyan,Corporate,Electronics,Smartphone,4,387,1548,1
ORD766,05-04-2024,CUST259,Abhinav,Corporate,Home,Lamp,5,159,795,1
ORD767,05-05-2024,CUST128,Abedin,Corporate,Electronics,Headphones,3,323,969,1
ORD768,28-04-2024,CUST272,Aaryaa,Consumer,Home,Table,4,286,1144,2
ORD769,05-02-2024,CUST476,Aaditeya,Corporate,Home,Table,1,237,237,1
ORD770,14-08-2024,CUST252,Aalekh,Corporate,Clothing,T-Shirt,1,36,36,2
ORD771,20-08-2024,CUST257,Aastik,Corporate,Clothing,T-Shirt,1,28,28,3
ORD772,26-01-2024,CUST374,Aanandaswarup,Consumer,Home,Table,4,237,948,2
ORD773,14-01-2024,CUST228,Aadil,Corporate,Clothing,Jacket,4,24,96,1
ORD774,15-09-2024,CUST109,Abhypsit,Consumer,Home,Lamp,3,128,384,1
ORD775,19-03-2024,CUST313,Aadijay,Corporate,Home,Table,5,230,1150,1
ORD776,07-09-2024,CUST061,Aadipta,Corporate,Home,Lamp,5,158,790,2
ORD777,29-07-2024,CUST004,Abisali,Consumer,Home,Table,3,202,606,1
ORD778,20-09-2024,CUST320,Aageethan,Corporate,Electronics,Headphones,2,426,852,2
ORD779,13-05-2024,CUST171,Aastik,Corporate,Home,Table,3,140,420,2
ORD780,21-01-2024,CUST496,Abhiraam,Corporate,Home,Table,2,254,508,2
ORD781,05-07-2024,CUST496,Abhimanya,Corporate,Electronics,Headphones,5,445,2225,1
ORD782,12-03-2024,CUST461,Abhimanyu,Consumer,Electronics,Laptop,4,422,1688,1
ORD783,27-09-2024,CUST374,Aathiththyan,Consumer,Home,Sofa,5,240,1200,1
ORD784,03-03-2024,CUST111,Aakarshan,Corporate,Home,Table,5,268,1340,2
ORD785,13-09-2024,CUST040,Aaryan,Consumer,Clothing,T-Shirt,5,47,235,1
ORD786,26-05-2024,CUST096,Aabishan,Corporate,Home,Lamp,1,222,222,2
ORD787,28-08-2024,CUST419,Abaan,Corporate,Clothing,Jeans,2,33,66,1
ORD788,23-07-2024,CUST447,Aasav,Corporate,Electronics,Laptop,3,492,1476,2
ORD789,13-02-2024,CUST272,Aathithyan,Corporate,Electronics,Headphones,2,394,788,1
ORD790,06-08-2024,CUST214,Abhivira,Corporate,Home,Table,5,282,1410,1
ORD791,08-05-2024,CUST338,Anand Swarup,Corporate,Electronics,Headphones,2,347,694,1
ORD792,15-09-2024,CUST126,Abiram,Consumer,Electronics,Smartphone,4,398,1592,2
ORD793,09-05-2024,CUST293,Abdul Ali,Corporate,Clothing,Jacket,2,13,26,1
ORD794,30-06-2024,CUST077,Abdus Sattar,Consumer,Clothing,T-Shirt,2,40,80,1
ORD795,22-03-2024,CUST172,Aakash,Consumer,Electronics,Smartphone,3,335,1005,1
ORD796,12-06-2024,CUST220,Aadhiraiyan,Corporate,Electronics,Smartphone,3,492,1476,1
ORD797,03-09-2024,CUST378,Aadyot,Consumer,Clothing,Jeans,5,37,185,2
ORD798,19-02-2024,CUST393,Abinav,Consumer,Electronics,Headphones,3,413,1239,2
ORD799,27-06-2024,CUST241,Aasim,Consumer,Home,Sofa,5,212,1060,2
ORD800,10-03-2024,CUST415,Abdus,Corporate,Home,Lamp,5,215,1075,1
ORD801,11-03-2024,CUST215,Abhiman,Corporate,Home,Lamp,1,247,247,1
ORD802,24-06-2024,CUST229,Aarksh,Corporate,Home,Lamp,2,120,240,1
ORD803,04-08-2024,CUST437,Abhay,Consumer,Home,Table,2,184,368,1
ORD804,12-02-2024,CUST234,Aananth,Corporate,Electronics,Smartphone,1,436,436,3
ORD805,16-01-2024,CUST484,Aarochan,Corporate,Electronics,Laptop,5,383,1915,1
ORD806,27-09-2024,CUST257,Aadijay,Consumer,Home,Lamp,5,284,1420,2
ORD807,03-09-2024,CUST197,Aabhas,Consumer,Clothing,Jeans,3,23,69,3
ORD808,01-09-2024,CUST242,Aashif,Corporate,Electronics,Laptop,1,414,414,2
ORD809,03-03-2024,CUST057,Aatmay,Consumer,Clothing,T-Shirt,3,17,51,1
ORD810,02-04-2024,CUST199,Abhya,Corporate,Home,Sofa,4,138,552,1
ORD811,26-02-2024,CUST340,Aavansh,Consumer,Clothing,Jacket,1,33,33,1
ORD812,29-06-2024,CUST336,Abhaya Prada,Consumer,Home,Sofa,5,263,1315,1
ORD813,03-03-2024,CUST318,Abay,Consumer,Home,Lamp,5,140,700,1
ORD814,19-02-2024,CUST349,Aaranan,Consumer,Home,Sofa,4,165,660,1
ORD815,13-02-2024,CUST209,Abedin,Corporate,Electronics,Smartphone,1,481,481,1
ORD816,22-01-2024,CUST478,Aarochan,Consumer,Home,Table,1,207,207,3
ORD817,15-03-2024,CUST466,Aadhisan,Consumer,Electronics,Smartphone,2,448,896,1
ORD818,03-09-2024,CUST312,Aamil,Consumer,Clothing,Jacket,5,45,225,1
ORD819,16-05-2024,CUST378,Aasav,Consumer,Electronics,Smartphone,4,263,1052,1
ORD820,28-08-2024,CUST196,Aadarshanan,Consumer,Home,Lamp,5,260,1300,1
ORD821,27-08-2024,CUST197,Aathiruban,Corporate,Home,Sofa,2,271,542,2
ORD822,15-03-2024,CUST298,Aadarsh,Consumer,Clothing,T-Shirt,5,17,85,1
ORD823,25-05-2024,CUST080,Abhijaat,Corporate,Clothing,Jeans,2,20,40,1
ORD824,25-02-2024,CUST362,Aaruran,Consumer,Electronics,Headphones,5,319,1595,1
ORD825,26-09-2024,CUST453,Aashank,Consumer,Home,Table,1,196,196,1
ORD826,07-06-2024,CUST468,Aaryan,Consumer,Clothing,T-Shirt,2,24,48,1
ORD827,24-04-2024,CUST433,Abhideep,Consumer,Home,Lamp,4,244,976,1
ORD828,28-05-2024,CUST244,Aadhiseshwar,Consumer,Electronics,Smartphone,1,245,245,1
ORD829,20-04-2024,CUST432,Aadhavan,Consumer,Electronics,Headphones,3,449,1347,2
ORD830,01-09-2024,CUST202,Aarpit,Corporate,Electronics,Headphones,1,460,460,1
ORD831,27-02-2024,CUST391,Abdul Raheem,Corporate,Home,Table,3,213,639,2
ORD832,14-06-2024,CUST289,Abezag,Consumer,Clothing,Jeans,5,15,75,3
ORD833,26-02-2024,CUST478,Aadalarasan,Consumer,Home,Sofa,1,209,209,2
ORD834,24-06-2024,CUST193,Aahnik,Consumer,Clothing,T-Shirt,3,26,78,1
ORD835,23-04-2024,CUST257,Abdul,Corporate,Clothing,T-Shirt,4,21,84,1
ORD836,04-06-2024,CUST137,Abhisek,Corporate,Electronics,Smartphone,3,303,909,1
ORD837,04-03-2024,CUST067,Aalakshya,Consumer,Electronics,Laptop,1,350,350,1
ORD838,25-06-2024,CUST460,Aaranay,Consumer,Home,Sofa,2,128,256,1
ORD839,02-07-2024,CUST462,Aashrith,Consumer,Electronics,Smartphone,5,355,1775,3
ORD840,03-01-2024,CUST114,Abhijaat,Consumer,Clothing,Jeans,4,11,44,1
ORD841,03-05-2024,CUST094,Abhinandan,Corporate,Home,Table,2,162,324,1
ORD842,14-08-2024,CUST120,Aagneya,Corporate,Home,Sofa,1,103,103,1
ORD843,09-05-2024,CUST274,Aaranay,Corporate,Clothing,Jeans,4,44,176,1
ORD844,04-02-2024,CUST364,Aabharan,Corporate,Electronics,Laptop,1,440,440,1
ORD845,15-02-2024,CUST110,Aashish,Corporate,Clothing,Jacket,2,33,66,2
ORD846,25-08-2024,CUST142,Aadhikeshavan,Corporate,Home,Table,2,175,350,1
ORD847,07-08-2024,CUST073,Aalap,Consumer,Electronics,Laptop,3,398,1194,2
ORD848,03-08-2024,CUST060,Aarooran,Corporate,Home,Lamp,3,254,762,1
ORD849,17-03-2024,CUST241,Aahlaad,Corporate,Home,Table,4,104,416,1
ORD850,28-04-2024,CUST436,Aaruthan,Consumer,Electronics,Smartphone,4,230,920,1
ORD851,29-04-2024,CUST039,Abdus Shahid,Consumer,Home,Table,4,260,1040,1
ORD852,08-02-2024,CUST292,Abaan,Consumer,Home,Sofa,3,225,675,1
ORD853,13-04-2024,CUST303,Aahan,Consumer,Home,Lamp,2,117,234,1
ORD854,21-05-2024,CUST162,Aaroush,Consumer,Electronics,Headphones,1,383,383,2
ORD855,03-08-2024,CUST028,Abhinand,Corporate,Electronics,Headphones,1,240,240,1
ORD856,07-05-2024,CUST242,Abhisumat,Consumer,Electronics,Smartphone,1,471,471,1
ORD857,15-04-2024,CUST096,Aadil,Consumer,Home,Sofa,2,250,500,1
ORD858,15-05-2024,CUST428,Aakesh,Corporate,Home,Sofa,5,219,1095,1
ORD859,18-02-2024,CUST250,Aaveg,Corporate,Electronics,Headphones,4,249,996,1
ORD860,07-02-2024,CUST352,Aarish,Corporate,Electronics,Headphones,5,466,2330,1
ORD861,18-08-2024,CUST388,Abhimanuya,Consumer,Electronics,Headphones,4,213,852,1
ORD862,10-02-2024,CUST371,Aathipan,Consumer,Clothing,Jacket,3,32,96,1
ORD863,27-04-2024,CUST447,Abhineet,Corporate,Home,Lamp,3,159,477,1
ORD864,29-02-2024,CUST176,Aatman,Consumer,Electronics,Smartphone,5,279,1395,2
ORD865,21-05-2024,CUST073,Aasav,Corporate,Home,Lamp,5,117,585,1
ORD866,28-05-2024,CUST285,Aarif,Consumer,Electronics,Headphones,1,363,363,1
ORD867,17-01-2024,CUST282,Ashish,Corporate,Electronics,Laptop,5,277,1385,1
ORD868,29-03-2024,CUST034,Abdul Rahaman,Consumer,Electronics,Laptop,1,378,378,1
ORD869,01-02-2024,CUST126,Abhisar,Consumer,Electronics,Smartphone,2,317,634,1
ORD870,28-05-2024,CUST026,Aayam,Consumer,Clothing,Jeans,4,48,192,1
ORD871,03-04-2024,CUST024,Aadhish,Consumer,Clothing,T-Shirt,4,40,160,1
ORD872,22-02-2024,CUST402,Aalap,Corporate,Home,Table,4,273,1092,1
ORD873,27-06-2024,CUST287,Aadalazhagan,Corporate,Home,Lamp,1,231,231,1
ORD874,31-03-2024,CUST119,Aaditya,Consumer,Clothing,T-Shirt,1,24,24,1
ORD875,18-05-2024,CUST462,Abhjeet,Corporate,Home,Sofa,1,256,256,2
ORD876,28-06-2024,CUST093,Aadhil,Corporate,Clothing,T-Shirt,3,48,144,1
ORD877,30-07-2024,CUST147,Aabishayan,Consumer,Clothing,Jacket,1,34,34,1
ORD878,10-07-2024,CUST216,Abhisar,Corporate,Home,Table,4,225,900,1
ORD879,19-01-2024,CUST332,Abhikam,Consumer,Home,Lamp,4,211,844,1
ORD880,16-01-2024,CUST170,Aarit,Corporate,Clothing,Jeans,4,49,196,1
ORD881,13-03-2024,CUST219,Arpit,Consumer,Home,Lamp,3,133,399,1
ORD882,20-05-2024,CUST412,Abhisyanta,Corporate,Clothing,Jeans,2,25,50,2
ORD883,05-04-2024,CUST204,Abdus Sami,Corporate,Electronics,Smartphone,1,476,476,3
ORD884,19-04-2024,CUST253,Abhijaya,Consumer,Electronics,Laptop,2,381,762,2
ORD885,30-08-2024,CUST007,Abhineet,Corporate,Home,Table,1,189,189,1
ORD886,26-03-2024,CUST430,Abhideep,Corporate,Clothing,T-Shirt,1,30,30,1
ORD887,02-02-2024,CUST273,Aamod,Corporate,Home,Sofa,3,201,603,1
ORD888,10-08-2024,CUST232,Aaryamik,Consumer,Clothing,Jeans,3,16,48,1
ORD889,26-07-2024,CUST465,Aashay,Consumer,Electronics,Smartphone,1,460,460,1
ORD890,17-05-2024,CUST140,Aashay,Consumer,Home,Table,2,222,444,1
ORD891,19-08-2024,CUST155,Abhinandana,Corporate,Home,Table,4,185,740,1
ORD892,12-06-2024,CUST235,Abhipuj,Corporate,Home,Sofa,4,126,504,1
ORD893,25-07-2024,CUST290,Abdus Shakur,Corporate,Electronics,Laptop,5,357,1785,1
ORD894,15-08-2024,CUST123,Aadhithya,Consumer,Clothing,T-Shirt,1,28,28,2
ORD895,26-06-2024,CUST489,Abheek,Consumer,Electronics,Smartphone,2,270,540,1
ORD896,19-09-2024,CUST189,Aalap,Corporate,Home,Lamp,4,282,1128,1
ORD897,03-05-2024,CUST390,Abijith,Consumer,Clothing,T-Shirt,5,35,175,1
ORD898,16-09-2024,CUST339,Abdus Samad,Consumer,Clothing,T-Shirt,2,18,36,1
ORD899,01-01-2024,CUST320,Atmaram,Corporate,Clothing,Jacket,2,21,42,1
ORD900,05-02-2024,CUST317,Aahva,Corporate,Electronics,Headphones,5,352,1760,1
ORD901,31-01-2024,CUST110,Aacharya,Consumer,Clothing,Jeans,4,10,40,1
ORD902,09-09-2024,CUST210,Aaron,Consumer,Home,Sofa,1,283,283,2
ORD903,02-01-2024,CUST163,Aayushmaan,Consumer,Electronics,Laptop,4,264,1056,1
ORD904,21-03-2024,CUST383,Abhik,Consumer,Electronics,Laptop,1,343,343,1
ORD905,19-04-2024,CUST210,Aandi,Consumer,Electronics,Smartphone,2,264,528,1
ORD906,30-05-2024,CUST452,Aadhiban,Consumer,Electronics,Laptop,1,478,478,1
ORD907,30-05-2024,CUST375,Abhimani,Consumer,Clothing,Jacket,2,23,46,1
ORD908,22-04-2024,CUST253,Abhihita,Corporate,Home,Lamp,2,290,580,1
ORD909,03-08-2024,CUST236,Aazim,Consumer,Home,Table,3,175,525,1
ORD910,22-09-2024,CUST280,Aathiththyan,Corporate,Home,Sofa,5,283,1415,1
ORD911,12-05-2024,CUST204,Abedin,Consumer,Clothing,Jacket,4,41,164,2
ORD912,23-02-2024,CUST391,Abhyudev,Consumer,Electronics,Laptop,4,499,1996,1
ORD913,26-04-2024,CUST068,Aashrut,Corporate,Clothing,Jacket,1,45,45,4
ORD914,08-09-2024,CUST009,Aamodin,Consumer,Clothing,Jacket,5,43,215,1
ORD915,18-01-2024,CUST448,Abbir,Consumer,Home,Sofa,3,220,660,1
ORD916,23-05-2024,CUST432,Abhik,Corporate,Home,Table,1,256,256,1
ORD917,17-04-2024,CUST123,Aasim,Corporate,Home,Sofa,1,170,170,1
ORD918,08-08-2024,CUST047,Abhimanuya,Corporate,Home,Sofa,1,193,193,3
ORD919,19-01-2024,CUST045,Abhidi,Consumer,Electronics,Headphones,4,415,1660,1
ORD920,25-09-2024,CUST066,Abhilash,Corporate,Clothing,Jacket,1,10,10,1
ORD921,10-06-2024,CUST182,Abbud,Corporate,Electronics,Smartphone,2,315,630,1
ORD922,21-09-2024,CUST111,Aaranan,Consumer,Clothing,Jeans,1,36,36,1
ORD923,07-06-2024,CUST082,Abhivanth,Consumer,Electronics,Headphones,1,430,430,1
ORD924,06-08-2024,CUST473,Abhith,Consumer,Home,Sofa,1,199,199,1
ORD925,13-02-2024,CUST412,Aavish,Consumer,Clothing,Jeans,1,30,30,1
ORD926,17-01-2024,CUST144,Abed,Consumer,Electronics,Smartphone,3,392,1176,1
ORD927,24-05-2024,CUST404,Aadim,Consumer,Clothing,T-Shirt,5,34,170,1
ORD928,13-08-2024,CUST256,Aarvalan,Consumer,Electronics,Laptop,3,496,1488,1
ORD929,02-03-2024,CUST171,Abinav,Consumer,Home,Table,3,187,561,1
ORD930,03-05-2024,CUST116,Aayansh,Corporate,Home,Lamp,3,186,558,1
ORD931,28-02-2024,CUST064,Aavanyan,Corporate,Home,Sofa,1,201,201,1
ORD932,11-07-2024,CUST426,Aavesh,Consumer,Home,Table,2,290,580,3
ORD933,06-04-2024,CUST187,Aahaan,Corporate,Electronics,Headphones,1,458,458,1
ORD934,06-08-2024,CUST491,Aadith,Corporate,Electronics,Laptop,3,225,675,1
ORD935,02-04-2024,CUST047,Abhipuj,Corporate,Electronics,Smartphone,2,223,446,2
ORD936,14-08-2024,CUST386,Abhinu,Corporate,Home,Lamp,2,294,588,1
ORD937,11-06-2024,CUST289,Aaliyan,Consumer,Home,Sofa,4,216,864,2
ORD938,23-01-2024,CUST051,Abdus Sattar,Consumer,Electronics,Smartphone,3,273,819,1
ORD939,11-06-2024,CUST107,Aadim,Corporate,Home,Table,5,267,1335,1
ORD940,08-07-2024,CUST200,Abhijun,Corporate,Clothing,T-Shirt,4,16,64,1
ORD941,24-09-2024,CUST033,Aakhyaan,Corporate,Clothing,Jeans,3,49,147,1
ORD942,03-02-2024,CUST149,Aaryaman,Consumer,Electronics,Laptop,1,320,320,1
ORD943,25-06-2024,CUST367,Aangat,Consumer,Electronics,Headphones,1,372,372,1
ORD944,25-01-2024,CUST234,Aamil,Consumer,Home,Lamp,3,141,423,2
ORD945,01-07-2024,CUST106,Abinish,Corporate,Home,Table,5,218,1090,1
ORD946,14-09-2024,CUST350,Aahwaanith,Consumer,Electronics,Smartphone,2,200,400,1
ORD947,03-02-2024,CUST245,Abhijvala,Consumer,Home,Sofa,4,291,1164,1
ORD948,21-05-2024,CUST426,Aashay,Consumer,Clothing,Jeans,3,29,87,2
ORD949,17-01-2024,CUST493,Aadhiren,Consumer,Electronics,Laptop,4,438,1752,2
ORD950,07-06-2024,CUST176,Aandi,Corporate,Clothing,T-Shirt,1,43,43,1
ORD951,07-01-2024,CUST322,Aadithyakethu,Consumer,Home,Table,5,198,990,1
ORD952,22-07-2024,CUST424,Aaryan,Consumer,Clothing,T-Shirt,5,45,225,1
ORD953,01-05-2024,CUST032,Aadesh,Consumer,Home,Sofa,3,127,381,1
ORD954,31-05-2024,CUST308,Aar,Consumer,Clothing,Jeans,2,11,22,1
ORD955,12-03-2024,CUST247,Abhinav,Corporate,Clothing,Jacket,3,46,138,1
ORD956,23-05-2024,CUST115,Aavansh,Consumer,Electronics,Laptop,4,361,1444,1
ORD957,22-06-2024,CUST197,Aftab,Consumer,Clothing,Jacket,3,32,96,1
ORD958,13-07-2024,CUST326,Aashir,Corporate,Electronics,Smartphone,2,231,462,1
ORD959,22-03-2024,CUST231,Abhya,Corporate,Clothing,Jacket,4,40,160,1
ORD960,28-09-2024,CUST425,Aatmanand,Consumer,Electronics,Laptop,1,311,311,1
ORD961,30-05-2024,CUST234,Aacharya,Corporate,Clothing,Jeans,1,22,22,1
ORD962,28-01-2024,CUST204,Abhya,Corporate,Clothing,T-Shirt,3,45,135,1
ORD963,16-06-2024,CUST297,Aakhyaan,Consumer,Electronics,Headphones,4,360,1440,1
ORD964,01-04-2024,CUST449,Abhijit,Corporate,Electronics,Smartphone,1,416,416,1
ORD965,09-07-2024,CUST011,Abhijeet,Consumer,Clothing,T-Shirt,5,14,70,1
ORD966,10-03-2024,CUST455,Abhinandan,Consumer,Clothing,T-Shirt,3,39,117,1
ORD967,11-06-2024,CUST212,Aakampan,Consumer,Clothing,Jacket,3,41,123,1
ORD968,16-09-2024,CUST456,Abhypsit,Corporate,Electronics,Smartphone,4,391,1564,1
ORD969,06-03-2024,CUST434,Aadhiban,Consumer,Electronics,Headphones,2,267,534,1
ORD970,27-08-2024,CUST462,Abhisyanta,Consumer,Home,Table,1,216,216,1
ORD971,27-05-2024,CUST005,Abedin,Corporate,Home,Table,4,218,872,1
ORD972,19-04-2024,CUST470,Aaranay,Consumer,Clothing,Jacket,5,13,65,1
ORD973,22-01-2024,CUST289,Ashish,Consumer,Electronics,Smartphone,5,481,2405,1
ORD974,28-04-2024,CUST162,Aangat,Corporate,Clothing,Jeans,3,24,72,1
ORD975,28-07-2024,CUST058,Aaryavir,Consumer,Electronics,Laptop,1,416,416,1
ORD976,03-03-2024,CUST493,Aayam,Consumer,Home,Sofa,3,190,570,1
ORD977,07-07-2024,CUST384,Aasvi,Consumer,Electronics,Headphones,3,338,1014,1
ORD978,26-09-2024,CUST068,Aashutosh,Consumer,Electronics,Laptop,2,496,992,3
ORD979,29-07-2024,CUST085,Abbudin,Corporate,Clothing,Jacket,5,45,225,3
ORD980,15-04-2024,CUST085,Aabir,Consumer,Home,Table,3,182,546,2
ORD981,21-02-2024,CUST393,Aaban,Corporate,Clothing,Jeans,2,40,80,1
ORD982,01-09-2024,CUST087,Aavansh,Consumer,Clothing,Jeans,3,39,117,1
ORD983,10-04-2024,CUST088,Abijith,Corporate,Clothing,T-Shirt,2,16,32,1
ORD984,19-01-2024,CUST008,Abhijat,Consumer,Clothing,T-Shirt,1,50,50,1
ORD985,26-03-2024,CUST252,Aadith,Corporate,Electronics,Laptop,1,452,452,1
ORD986,11-06-2024,CUST003,Aalhad,Corporate,Home,Sofa,1,279,279,1
ORD987,02-05-2024,CUST068,Aasit,Corporate,Home,Sofa,2,211,422,2
ORD988,05-02-2024,CUST061,Abhimanyu,Consumer,Home,Table,3,217,651,1
ORD989,05-02-2024,CUST068,Aathith,Corporate,Home,Sofa,2,203,406,1
ORD990,20-04-2024,CUST426,Aathees,Consumer,Electronics,Headphones,5,348,1740,1
ORD991,30-03-2024,CUST380,Abheer,Corporate,Clothing,Jacket,1,31,31,1
ORD992,09-09-2024,CUST358,Aakaash,Consumer,Home,Lamp,5,251,1255,1
ORD993,06-06-2024,CUST154,Abhikam,Consumer,Electronics,Laptop,5,272,1360,1
ORD994,11-05-2024,CUST168,Aairathan,Consumer,Clothing,Jacket,1,12,12,1
ORD995,26-02-2024,CUST065,Abbott,Corporate,Electronics,Laptop,3,435,1305,1
ORD996,08-06-2024,CUST046,Aadarshanan,Corporate,Electronics,Smartphone,2,333,666,1
ORD997,11-08-2024,CUST047,Aathangan,Corporate,Electronics,Smartphone,2,202,404,1
ORD998,25-07-2024,CUST194,Aavi,Corporate,Clothing,Jacket,3,29,87,1
ORD999,28-05-2024,CUST085,Abhranila,Consumer,Clothing,Jacket,1,37,37,1
ORD1000,28-01-2024,CUST478,Aanandaswarup,Corporate,Clothing,T-Shirt,2,37,74,1
